age,annual_income,total_debt,credit_history_years,late_payments,credit_utilization,existing_loans,savings,employment_years,debt_to_income,creditworthy
59,85676.26,20923.64,14.34,1,0.403,2,419.31,16.58,0.244,1
49,95664.39,34641.1,24.13,1,0.061,1,3859.54,19.93,0.362,1
35,25460.87,6043.3,5.81,3,0.076,1,0.0,7.98,0.237,1
63,61627.19,14641.52,3.74,1,0.411,0,11208.81,16.13,0.238,1
28,48614.26,4594.3,26.57,4,0.287,2,16946.22,3.67,0.095,1
41,46823.66,5854.86,10.62,1,0.441,0,8416.13,8.55,0.125,1
59,72218.29,22518.89,20.67,4,0.376,3,7523.28,22.73,0.312,0
39,46296.85,27718.29,1.25,1,0.219,1,15708.86,21.0,0.599,1
43,49088.68,10207.3,20.86,2,0.484,1,7974.71,14.38,0.208,1
31,56301.47,27265.14,9.82,2,0.42,3,17722.11,13.0,0.484,1
31,51785.22,31338.94,2.14,2,0.858,3,27370.81,13.0,0.605,0
44,34181.46,41216.47,18.49,1,0.271,2,22124.37,23.96,1.206,1
56,77509.94,18836.96,7.6,3,0.172,4,24572.16,12.25,0.243,1
60,83067.68,10322.83,11.91,2,0.565,1,27031.02,14.04,0.124,0
44,67559.61,5970.34,2.88,1,0.35,1,17393.94,10.39,0.088,1
23,51715.84,4778.48,4.84,0,0.191,2,12096.31,1.8,0.092,1
42,44485.36,32997.37,9.29,3,0.414,2,4732.96,10.57,0.742,1
22,44520.36,0.0,3.15,5,0.435,1,9305.86,4.0,0.0,1
44,111862.28,32612.98,27.37,1,0.366,3,7715.77,20.12,0.292,1
64,80632.44,7578.71,0.68,0,0.471,0,22780.07,22.31,0.094,1
50,41517.58,9777.53,14.77,1,0.252,1,18161.39,1.29,0.236,1
58,63623.35,16181.33,4.14,0,0.568,1,22361.09,13.18,0.254,1
22,52024.23,9556.15,9.58,1,0.454,4,75.96,2.69,0.184,1
41,72843.61,29183.76,27.82,3,0.157,3,31180.99,5.02,0.401,1
53,71956.98,39760.13,5.27,0,0.488,2,8876.24,22.51,0.553,1
32,83839.41,10110.81,28.99,4,0.278,4,799.8,12.42,0.121,1
42,41287.76,12813.15,6.57,2,0.889,2,8729.39,18.96,0.31,1
64,62304.18,16040.15,22.38,1,0.268,3,43805.19,1.61,0.257,1
45,21531.97,24492.68,16.63,1,0.173,3,9347.4,10.42,1.138,1
47,32338.51,16158.19,26.59,3,0.241,3,10098.84,16.86,0.5,1
62,79450.22,34647.09,16.84,0,0.341,4,11694.74,3.34,0.436,0
48,39084.96,31759.49,16.27,1,0.307,1,12216.56,8.15,0.813,1
36,41500.01,3774.45,6.27,7,0.477,3,4622.29,1.61,0.091,0
35,59817.88,24251.62,5.4,1,0.128,1,15718.56,16.28,0.405,1
64,75284.74,36244.07,27.54,1,0.194,4,26907.14,24.27,0.481,1
23,36661.81,12062.63,10.17,3,0.372,0,17771.47,5.0,0.329,1
57,15000.0,14468.82,11.48,1,0.133,5,666.02,24.37,0.965,0
27,40855.09,11663.56,22.91,2,0.532,3,9867.85,9.0,0.285,1
41,86523.82,11915.09,10.5,2,0.206,2,7381.67,21.38,0.138,1
29,67548.97,0.0,28.59,1,0.292,0,14635.27,11.0,0.0,0
59,89125.25,2060.22,22.27,1,0.136,0,29965.42,12.96,0.023,1
38,35100.04,18929.68,18.12,1,0.117,2,12213.41,10.16,0.539,1
24,23933.28,36163.18,26.49,2,0.619,0,12942.14,6.0,1.511,0
45,70176.07,10639.67,1.96,0,0.307,2,35331.74,4.55,0.152,1
34,65280.5,10286.91,8.08,1,0.207,2,24514.47,1.41,0.158,1
29,66722.2,38418.25,14.22,0,0.536,1,20888.98,11.0,0.576,1
46,80525.93,4700.91,7.2,5,0.838,1,37497.58,0.09,0.058,0
22,69277.07,0.0,22.45,4,0.32,0,19877.74,4.0,0.0,1
40,68923.59,8057.81,27.62,3,0.564,2,0.0,18.22,0.117,1
48,75730.15,10046.59,13.0,1,0.574,0,23991.99,8.21,0.133,1
27,71053.17,0.0,10.59,1,0.43,3,0.0,9.0,0.0,0
64,78863.81,16463.5,28.87,0,0.316,0,19424.06,20.45,0.209,1
28,82187.46,29381.36,13.62,1,0.763,1,0.0,6.13,0.357,1
55,93697.15,2568.54,14.93,3,0.172,1,8397.74,19.27,0.027,1
34,45717.79,19050.94,10.87,2,0.661,1,9634.59,16.0,0.417,1
37,70572.37,22751.23,27.33,0,0.302,1,4758.57,6.23,0.322,1
56,51852.89,16999.39,17.28,2,0.271,2,9813.78,1.05,0.328,1
60,41661.7,20228.31,22.98,2,0.125,2,26390.74,5.1,0.486,1
24,44830.11,20367.93,24.45,3,0.307,2,5432.57,5.02,0.454,1
22,70889.02,8247.26,10.58,0,0.178,0,20541.69,1.63,0.116,1
26,69201.56,35982.99,13.29,2,0.597,4,2412.2,8.0,0.52,1
62,68809.06,32973.08,25.53,1,0.423,3,11726.01,9.5,0.479,1
24,55034.3,32278.94,11.22,2,0.476,2,17886.07,6.0,0.587,1
49,60075.12,30164.11,23.92,3,0.284,2,2041.66,6.3,0.502,1
38,77990.56,0.0,28.26,3,0.528,0,0.0,11.33,0.0,1
46,27233.35,29112.75,18.88,1,0.196,0,19902.54,15.98,1.069,1
64,60542.13,25867.22,22.38,0,0.256,2,27476.96,21.94,0.427,1
54,61979.04,0.0,24.25,2,0.222,1,13051.22,13.12,0.0,1
30,76572.69,15421.08,25.43,1,0.498,0,8512.25,9.34,0.201,1
56,30294.53,21321.52,12.15,1,0.233,2,15868.1,21.68,0.704,1
34,92892.94,37971.81,2.01,0,0.492,3,14665.76,7.76,0.409,1
51,64699.87,26696.69,12.36,1,0.043,1,16914.83,1.99,0.413,1
35,65864.77,7625.21,20.38,3,0.721,1,0.0,11.13,0.116,1
28,51169.65,38344.66,13.79,4,0.298,1,1170.75,10.0,0.749,0
34,71836.49,18525.36,22.59,2,0.524,1,3857.24,0.77,0.258,1
43,61054.99,14929.91,11.03,0,0.041,2,15810.41,14.65,0.245,1
60,86597.6,14074.58,19.22,1,0.085,3,16230.53,14.86,0.163,1
41,28287.13,0.0,6.0,1,0.734,2,21634.17,23.0,0.0,1
36,63862.01,16682.77,22.61,3,0.166,1,17090.98,7.16,0.261,1
65,68987.27,23969.82,16.6,0,0.456,2,0.0,6.97,0.347,1
38,55899.81,13375.4,6.52,2,0.594,3,31364.06,11.01,0.239,1
44,51097.35,23045.43,9.11,2,0.187,1,29263.02,8.92,0.451,1
46,52014.94,7627.31,22.58,2,0.662,3,0.0,18.41,0.147,1
45,63842.06,16308.87,14.74,0,0.431,2,17992.46,16.04,0.255,1
65,20180.9,21798.48,6.87,2,0.517,3,6854.91,18.97,1.08,0
61,81230.33,20275.93,29.03,2,0.302,2,15666.37,20.5,0.25,1
49,49437.1,0.0,21.6,0,0.177,0,26639.72,23.07,0.0,1
35,62811.66,12731.93,28.74,0,0.506,1,39561.25,10.77,0.203,1
65,68076.25,38129.56,13.1,1,0.58,4,23015.33,24.62,0.56,1
21,48432.28,12090.65,14.52,2,0.458,2,17539.22,3.0,0.25,1
45,57117.16,18189.69,26.99,0,0.731,2,9922.15,17.86,0.318,1
27,15224.71,16958.93,15.99,2,0.548,1,16185.62,9.0,1.114,1
29,76106.72,36818.88,21.36,1,0.718,0,30317.26,11.0,0.484,1
44,83761.52,33484.42,7.94,4,0.737,3,13463.49,11.92,0.4,0
21,22578.14,27690.37,13.68,0,0.588,1,3366.65,3.0,1.226,1
64,51057.16,6321.09,4.14,3,0.484,1,0.0,23.25,0.124,1
28,32942.87,22310.2,6.58,2,0.167,2,20156.57,10.0,0.677,1
44,56089.71,24815.3,0.53,3,0.848,0,16967.46,19.4,0.442,1
31,74270.0,9616.74,1.66,2,0.227,3,6249.1,1.68,0.129,1
37,81720.8,7553.79,29.33,4,0.337,0,26312.17,5.12,0.092,0
28,84680.77,38460.17,7.65,2,0.234,2,8938.68,10.0,0.454,1
55,88831.96,14390.36,20.07,1,0.35,1,12384.27,17.33,0.162,1
55,55106.92,37379.72,25.25,1,0.175,2,13800.03,14.04,0.678,1
53,34766.91,29965.13,16.74,0,0.468,2,9788.57,9.17,0.862,1
25,57479.01,22894.52,5.02,2,0.333,1,16830.38,1.11,0.398,1
62,73931.89,23430.38,21.98,4,0.41,0,27818.18,9.23,0.317,1
59,33000.28,1194.97,18.21,1,0.532,2,290.22,12.47,0.036,1
61,96523.01,20481.3,22.07,0,0.089,0,19862.24,5.29,0.212,1
48,79753.55,35004.24,23.21,2,0.488,2,16065.9,4.33,0.439,1
27,55455.52,26176.07,29.27,0,0.28,2,15845.17,9.0,0.472,1
29,44360.82,19852.04,17.42,0,0.314,2,24462.13,11.0,0.448,1
28,45279.34,38543.25,10.58,2,0.376,2,14591.57,6.0,0.851,1
32,61632.54,15779.51,19.63,3,0.207,0,19762.75,14.0,0.256,1
54,54953.14,10565.33,2.52,3,0.382,0,22590.38,22.51,0.192,1
53,80911.06,19845.98,26.97,1,0.439,2,7947.62,11.83,0.245,1
43,52454.53,27197.61,4.02,1,0.423,1,17590.2,21.43,0.518,1
44,71121.04,0.0,10.17,2,0.261,1,10990.55,23.18,0.0,1
57,59363.65,21418.42,24.56,4,0.296,3,12407.82,2.31,0.361,0
55,65932.73,27724.14,18.12,2,0.077,2,10135.26,2.4,0.42,1
64,54938.76,14764.3,12.11,2,0.191,3,19652.96,11.9,0.269,0
60,75569.74,31283.58,14.47,4,0.125,2,14979.74,14.7,0.414,1
42,75895.88,25694.24,25.71,1,0.529,2,18734.53,10.65,0.339,1
47,70118.44,43696.6,10.53,1,0.233,1,13789.79,8.16,0.623,1
55,73365.32,8992.77,26.15,3,0.381,0,0.0,16.02,0.123,1
21,39223.89,27968.52,3.1,1,0.372,1,14376.42,0.05,0.713,1
55,67111.41,5792.11,23.42,2,0.305,2,14762.46,24.2,0.086,1
57,87482.44,0.0,25.5,3,0.164,3,16911.15,5.8,0.0,1
34,70810.9,0.0,5.86,1,0.287,2,6875.25,16.0,0.0,1
23,37324.21,24459.89,13.2,3,0.616,3,0.0,2.73,0.655,0
21,58905.14,20210.97,5.38,2,0.529,2,21495.28,3.0,0.343,1
25,68249.51,12251.39,21.34,2,0.658,1,10716.72,5.87,0.18,1
46,43337.21,0.0,16.29,2,0.704,1,16054.93,24.9,0.0,1
34,30118.03,9715.36,19.24,0,0.326,1,10622.48,0.12,0.323,1
59,53045.85,18049.12,6.3,4,0.602,0,13927.26,15.99,0.34,1
47,43701.69,27518.03,6.75,0,0.291,1,8608.58,21.74,0.63,1
29,59685.64,17801.57,1.72,2,0.393,0,2383.0,11.0,0.298,1
35,24989.1,21024.72,10.0,2,0.362,3,19684.78,9.07,0.841,1
35,72423.42,13486.41,17.01,0,0.492,1,6762.56,17.0,0.186,1
46,46038.69,38990.69,25.81,4,0.607,2,15967.42,22.34,0.847,0
62,81906.55,5781.0,20.17,1,0.347,1,18925.52,10.85,0.071,1
33,53908.23,9609.14,13.34,0,0.385,0,6958.25,14.33,0.178,1
52,59441.44,12091.7,28.62,4,0.323,2,0.0,24.19,0.203,1
59,56193.23,24512.45,21.72,2,0.381,0,43113.03,24.56,0.436,1
52,44860.49,5533.68,27.94,2,0.409,0,7666.74,11.25,0.123,1
24,114390.15,19628.62,16.06,1,0.483,2,21481.01,6.0,0.172,1
50,49090.94,19978.92,8.14,3,0.201,0,37273.56,7.55,0.407,0
57,82517.47,9667.7,2.06,2,0.223,4,23478.89,9.3,0.117,1
43,35940.16,21959.75,21.92,4,0.575,3,10394.69,4.12,0.611,0
59,68186.89,5906.23,4.08,3,0.431,1,13194.6,5.23,0.087,1
65,70535.19,4595.11,9.43,1,0.303,4,4008.71,16.42,0.065,1
35,59468.11,19195.27,16.21,1,0.74,1,24580.36,12.77,0.323,1
63,47437.9,0.0,17.15,2,0.066,3,20795.25,5.78,0.0,1
49,54206.92,0.0,18.22,1,0.356,2,7826.89,10.07,0.0,1
56,51127.63,24394.0,5.4,0,0.335,1,1493.9,9.33,0.477,1
33,112844.58,30587.64,11.7,1,0.564,1,0.0,15.0,0.271,1
52,59502.73,12398.36,18.71,3,0.369,0,25838.17,21.34,0.208,1
27,71547.55,9983.15,29.11,1,0.355,1,15444.48,9.0,0.14,1
42,99195.75,30066.42,21.97,1,0.49,1,16579.81,22.85,0.303,1
48,40720.99,4253.54,27.72,0,0.16,3,4124.62,8.57,0.104,1
22,60828.53,1639.53,22.99,2,0.398,1,0.0,4.0,0.027,1
62,54077.91,26491.64,17.96,3,0.39,1,25551.36,24.17,0.49,1
65,58104.95,18108.46,6.16,4,0.633,1,14504.47,9.76,0.312,1
26,56061.74,30778.52,20.17,1,0.794,3,24886.82,8.0,0.549,1
48,43898.7,0.0,18.89,1,0.623,1,9368.8,7.4,0.0,1
48,64299.03,1191.91,18.27,2,0.31,3,11158.19,6.66,0.019,1
64,36622.08,18171.98,14.95,3,0.198,3,22559.58,14.35,0.496,0
64,81755.42,23012.08,16.1,2,0.255,1,22788.18,24.48,0.281,1
40,73712.82,28163.97,10.37,2,0.234,2,23570.79,11.33,0.382,1
50,49143.82,20097.81,15.82,0,0.148,0,10457.58,23.44,0.409,0
31,50210.37,19975.86,6.33,0,0.606,2,21374.57,13.0,0.398,1
48,66061.23,13327.18,24.25,2,0.563,2,27309.19,6.34,0.202,1
45,42432.0,37090.86,5.98,2,0.367,2,12742.74,10.05,0.874,1
59,99863.56,4763.72,3.01,3,0.324,0,7838.14,16.08,0.048,1
53,67874.37,22308.24,13.37,0,0.512,0,30112.97,12.95,0.329,1
21,68651.79,6146.29,19.92,2,0.371,2,6146.65,2.4,0.09,1
47,74991.79,24417.34,13.41,2,0.304,1,21553.72,24.84,0.326,1
33,47251.81,5555.79,8.66,2,0.314,2,13298.93,15.0,0.118,1
61,83958.22,26925.79,16.97,1,0.602,0,0.0,10.94,0.321,1
23,62519.73,19345.26,10.74,1,0.217,3,27543.13,5.0,0.309,1
59,80903.2,38935.67,28.02,3,0.568,1,0.0,2.19,0.481,1
26,55645.03,14627.76,27.72,3,0.446,0,0.0,8.0,0.263,1
28,88980.12,23099.59,15.32,1,0.721,3,20327.96,10.0,0.26,1
47,68829.56,8644.12,10.17,2,0.289,1,20324.85,22.42,0.126,1
29,108015.15,14545.28,22.25,1,0.152,4,6349.04,8.43,0.135,1
57,51870.52,19268.99,1.58,3,0.43,3,15773.87,13.28,0.371,1
53,64500.09,0.0,14.51,1,0.19,2,0.0,17.43,0.0,1
62,37305.32,988.51,10.42,4,0.18,2,22483.71,8.5,0.026,1
64,48355.44,25198.31,27.66,3,0.664,1,16996.71,1.62,0.521,0
44,73611.1,16246.96,0.85,1,0.646,1,13452.29,12.64,0.221,1
35,84845.14,10884.88,16.81,1,0.355,3,14250.1,15.04,0.128,1
52,125230.23,9156.17,22.35,0,0.364,1,19919.05,0.15,0.073,1
52,57874.16,9618.13,14.81,2,0.362,2,13653.18,2.39,0.166,1
44,39469.31,19350.61,3.02,2,0.522,1,0.0,5.18,0.49,1
61,76573.17,23340.43,29.19,3,0.29,3,40355.99,8.7,0.305,1
32,35187.8,0.0,15.78,1,0.03,1,28409.61,13.53,0.0,1
59,72414.1,34954.01,18.62,1,0.155,0,0.0,7.35,0.483,1
22,48950.37,34100.41,7.48,4,0.234,1,9858.35,4.0,0.697,0
23,64655.09,0.0,14.76,1,0.297,2,11167.59,5.0,0.0,1
57,84003.01,31031.12,13.16,1,0.522,1,26946.19,3.63,0.369,1
37,57563.86,30662.63,2.71,3,0.636,2,0.0,12.39,0.533,1
22,80523.34,18005.35,3.63,1,0.235,0,8011.9,4.0,0.224,1
22,79209.49,2433.98,25.21,1,0.369,1,0.0,4.0,0.031,1
48,18984.71,30182.74,7.57,2,0.555,2,10578.85,17.93,1.59,0
43,40164.78,15105.23,6.25,2,0.242,2,8329.99,10.78,0.376,1
57,25640.25,24586.55,15.39,3,0.617,2,14956.33,0.5,0.959,0
52,104038.22,44630.42,23.18,2,0.145,3,6741.51,16.15,0.429,1
53,57681.38,21022.04,2.33,2,0.354,4,4987.72,15.8,0.364,1
21,99178.24,6997.38,17.52,2,0.349,3,21435.88,2.76,0.071,1
39,24075.05,13971.23,4.02,0,0.5,2,19456.07,11.55,0.58,0
22,47399.09,8526.66,1.58,2,0.171,0,20616.78,4.0,0.18,1
64,77610.96,23201.88,2.06,4,0.596,4,11877.2,5.13,0.299,0
46,63944.04,8327.19,25.11,3,0.482,3,7139.14,11.53,0.13,1
52,71722.92,12325.78,3.98,3,0.427,0,12573.77,11.53,0.172,1
26,32416.22,2586.84,1.83,1,0.31,1,20013.94,8.0,0.08,1
52,90289.68,16414.96,13.42,0,0.433,4,0.0,20.61,0.182,1
24,77094.35,20121.06,25.4,2,0.536,4,18729.34,6.0,0.261,1
31,68835.76,0.0,8.24,3,0.541,1,17709.66,9.14,0.0,1
37,44916.57,21114.88,12.94,1,0.3,4,14745.81,1.8,0.47,0
58,67123.6,17451.6,1.68,4,0.212,3,12208.24,8.74,0.26,1
44,53587.22,8820.1,13.75,1,0.239,0,0.0,16.99,0.165,1
25,23689.19,42343.55,17.54,0,0.549,3,8721.76,7.0,1.787,0
54,58890.7,29501.72,17.34,2,0.331,0,35473.26,24.13,0.501,1
26,56551.93,4843.17,10.31,0,0.173,1,14154.82,8.0,0.086,1
42,83372.83,28058.84,9.81,4,0.502,3,10312.52,15.81,0.337,1
31,15000.0,32933.98,3.65,1,0.495,3,14202.87,13.0,2.196,0
36,65174.4,19584.25,11.32,1,0.305,1,18257.27,3.77,0.3,0
53,34577.5,22337.3,3.44,2,0.141,5,21905.84,11.53,0.646,0
29,67022.91,22060.16,23.11,1,0.843,7,11253.44,11.0,0.329,0
26,68234.16,0.0,29.01,1,0.359,2,19099.04,8.0,0.0,1
36,58089.41,15757.56,29.12,2,0.467,0,34119.81,9.16,0.271,1
49,77760.45,15133.05,26.02,1,0.335,2,26075.01,24.5,0.195,1
23,32593.15,35161.87,18.22,2,0.222,4,42083.6,5.0,1.079,1
40,84369.85,22004.73,21.18,2,0.452,1,6118.76,6.06,0.261,1
56,44422.26,14428.67,8.91,5,0.17,0,34114.27,4.79,0.325,0
39,25770.23,16918.5,19.11,2,0.47,2,4511.92,3.54,0.657,0
46,54007.29,30280.63,13.94,2,0.725,1,18242.79,11.32,0.561,1
23,15000.0,15784.98,14.72,3,0.337,1,22789.72,0.55,1.052,0
39,65591.83,9621.65,22.85,2,0.257,2,7870.67,11.13,0.147,1
40,54296.49,14691.57,8.82,3,0.19,0,15055.57,22.0,0.271,1
52,87141.11,29288.35,9.88,3,0.291,1,24925.53,16.75,0.336,1
27,74276.33,23953.98,27.78,1,0.325,0,5476.75,9.0,0.322,1
61,29376.08,18531.22,2.16,4,0.641,2,34032.6,2.98,0.631,0
53,41555.48,20298.47,14.83,0,0.449,1,0.0,11.83,0.488,1
60,71454.62,11283.09,27.43,3,0.534,0,37276.3,7.16,0.158,1
59,78635.74,15672.61,18.51,4,0.26,1,26015.91,22.35,0.199,1
38,86895.02,10040.35,16.62,1,0.389,0,12923.29,4.53,0.116,1
60,86719.2,14462.65,7.87,1,0.452,1,9167.98,11.47,0.167,1
21,58030.5,34154.14,10.63,1,0.064,0,7915.66,3.0,0.589,0
31,67978.42,5065.54,25.64,2,0.079,4,12370.45,12.85,0.075,1
48,88572.25,9735.39,17.0,1,0.079,3,13418.05,20.76,0.11,1
45,53327.21,2948.41,15.68,3,0.316,0,29062.71,5.79,0.055,1
43,68353.98,349.09,3.44,2,0.554,4,37623.85,9.43,0.005,1
51,52808.62,15758.74,0.97,2,0.209,1,16392.56,19.8,0.298,1
50,47879.14,10588.69,28.93,2,0.162,1,3852.46,13.2,0.221,1
62,61064.47,39140.27,11.62,0,0.27,3,7451.29,10.05,0.641,1
55,44874.04,14605.84,18.29,0,0.336,2,11802.91,0.74,0.325,1
27,57119.85,33472.76,2.85,2,0.236,2,1638.53,9.0,0.586,1
36,37230.99,29616.08,20.65,3,0.172,2,0.0,18.0,0.795,0
46,55820.12,15492.55,28.01,2,0.157,4,39165.53,15.51,0.278,1
22,69864.59,43321.63,17.48,2,0.809,0,17631.36,4.0,0.62,1
21,47047.2,21222.41,4.22,1,0.119,1,4002.4,3.0,0.451,1
32,60204.42,36156.11,17.66,0,0.477,1,23799.24,5.79,0.601,1
25,63065.54,34759.16,23.11,2,0.762,2,0.0,0.36,0.551,0
57,69955.77,22975.78,12.49,3,0.587,4,847.86,16.33,0.328,1
52,57061.24,27013.57,26.46,3,0.16,2,4363.49,12.33,0.473,1
29,83889.06,25488.86,19.64,3,0.692,2,33854.16,11.0,0.304,1
61,15000.0,4268.86,27.03,3,0.13,0,10965.44,17.37,0.285,1
55,124630.56,18687.48,18.89,0,0.255,0,0.0,24.7,0.15,1
39,40835.06,30890.97,4.37,1,0.33,3,28520.79,12.76,0.756,1
36,68874.58,36314.24,9.64,2,0.169,2,10323.42,10.68,0.527,1
23,39353.71,9352.32,6.45,1,0.391,0,0.0,5.0,0.238,1
40,74173.9,24345.98,27.31,4,0.223,0,10199.8,11.92,0.328,1
44,66084.52,19810.44,22.93,0,0.779,1,20252.05,21.82,0.3,1
53,45684.3,16585.51,20.45,1,0.328,0,18848.59,1.06,0.363,1
44,83607.92,22272.03,9.38,3,0.558,0,35580.98,24.45,0.266,1
31,56392.86,20615.97,5.93,1,0.74,1,3766.79,13.0,0.366,1
28,72038.75,24496.89,22.82,3,0.456,3,14560.64,10.0,0.34,0
56,39822.48,35300.6,14.49,4,0.771,1,5605.17,8.29,0.886,0
58,59320.47,27409.53,7.16,1,0.555,4,0.0,5.58,0.462,0
60,104074.96,21727.1,18.69,3,0.469,4,24626.33,6.91,0.209,1
40,81185.24,40375.5,1.69,2,0.345,1,19559.23,1.25,0.497,1
55,66767.66,31319.16,10.12,2,0.116,3,17404.14,11.88,0.469,1
45,50123.74,16891.22,14.32,1,0.334,0,19121.48,1.43,0.337,1
55,61484.97,3394.56,4.86,3,0.192,0,5774.33,17.96,0.055,1
45,64346.45,6146.03,29.55,3,0.615,2,1931.66,9.3,0.096,1
49,69883.03,29198.79,6.67,1,0.206,1,14451.77,4.98,0.418,1
38,36313.47,10436.25,4.35,3,0.398,0,27934.54,13.62,0.287,1
38,74704.98,5903.33,6.5,3,0.52,2,33296.93,20.0,0.079,1
22,36028.95,8902.98,23.19,2,0.187,2,23545.19,4.0,0.247,0
55,95884.77,9751.39,13.05,1,0.384,4,14350.09,12.29,0.102,1
36,43024.18,28207.77,17.18,2,0.269,0,17237.41,18.0,0.656,1
61,66525.82,16119.1,1.12,4,0.449,2,14139.13,18.44,0.242,1
56,82113.14,1531.5,1.52,1,0.153,0,1688.68,22.29,0.019,1
53,54447.64,18372.54,13.65,2,0.788,2,14295.77,5.12,0.337,1
24,67493.2,20667.19,24.59,1,0.447,0,0.0,6.0,0.306,1
53,91573.99,12247.96,26.61,2,0.763,1,12511.07,7.53,0.134,1
34,72416.87,31870.62,3.06,1,0.564,1,33633.26,16.0,0.44,1
41,67822.11,12948.73,16.38,0,0.27,0,23874.31,7.03,0.191,1
40,22934.72,31300.05,27.44,6,0.553,1,2922.57,22.0,1.365,0
28,39458.11,25161.39,11.95,0,0.647,0,13130.85,10.0,0.638,1
27,83032.24,29119.27,24.97,4,0.579,1,3987.48,3.64,0.351,0
23,72538.91,4817.39,4.44,2,0.403,1,13249.83,5.0,0.066,1
37,75872.26,19179.72,28.09,1,0.218,0,26493.29,2.14,0.253,1
53,73978.73,17366.06,22.67,2,0.557,3,21836.1,5.46,0.235,1
32,88374.64,935.92,28.27,3,0.52,0,43809.73,11.1,0.011,1
42,54249.2,31260.73,20.46,2,0.302,2,28309.73,24.0,0.576,1
42,62651.0,8191.19,11.22,1,0.171,1,16448.0,12.21,0.131,1
50,37369.16,10685.19,28.18,0,0.485,0,22125.8,13.76,0.286,1
58,31883.5,5840.21,8.63,2,0.21,4,11570.68,17.36,0.183,1
58,23837.7,26414.24,10.3,4,0.294,0,469.95,24.21,1.108,0
65,40526.4,0.0,21.17,2,0.54,1,29669.32,19.58,0.0,1
28,94156.36,25414.5,23.08,0,0.188,3,26107.9,5.6,0.27,1
47,25840.0,30534.17,27.92,2,0.123,1,11107.35,7.57,1.182,0
47,53322.21,24446.14,6.54,1,0.097,1,17287.23,2.44,0.458,1
54,31550.8,26551.54,24.04,0,0.499,2,28891.27,16.11,0.842,1
41,46778.57,27114.56,22.29,1,0.504,0,24156.22,4.52,0.58,1
50,63733.26,6606.91,2.38,1,0.323,3,0.0,6.44,0.104,1
53,44597.45,35216.82,11.92,2,0.585,2,16923.44,22.2,0.79,1
48,83972.63,12479.08,8.84,2,0.315,2,11988.42,8.17,0.149,1
53,93747.52,17203.35,9.48,2,0.332,3,27356.01,14.17,0.184,0
25,15000.0,14008.35,29.5,0,0.3,1,26372.51,7.0,0.934,0
39,44974.17,23898.51,19.46,3,0.088,2,29823.29,1.85,0.531,1
24,61301.13,11543.55,21.67,0,0.264,0,585.27,6.0,0.188,1
55,84774.57,18802.99,29.31,1,0.115,3,4590.66,10.2,0.222,1
37,50006.63,3175.87,11.63,2,0.246,2,27368.99,19.0,0.064,1
64,59561.42,31975.98,24.15,3,0.531,2,6900.25,8.11,0.537,0
48,34551.63,26048.89,13.32,0,0.073,1,0.0,9.48,0.754,0
50,26278.49,14492.88,26.15,1,0.259,1,20391.16,19.57,0.552,1
49,91798.46,12370.21,5.83,1,0.254,2,7433.38,18.97,0.135,1
26,19870.46,25735.54,28.46,2,0.471,1,35477.49,8.0,1.295,1
55,111229.62,9512.48,6.95,0,0.199,1,17554.21,23.84,0.086,1
61,75953.33,19504.38,10.12,1,0.519,1,15923.11,19.89,0.257,0
57,74959.41,31936.79,22.81,1,0.219,1,9569.07,10.19,0.426,1
44,72660.31,8264.91,12.12,4,0.564,0,33090.02,20.54,0.114,1
49,54440.91,22423.21,18.44,2,0.496,3,18302.65,12.72,0.412,1
51,68625.86,21788.7,13.61,1,0.391,1,9098.01,6.94,0.317,1
55,55844.27,16831.96,22.4,1,0.284,2,4471.0,7.57,0.301,0
53,72167.61,11954.52,7.24,3,0.142,2,13118.32,5.6,0.166,1
41,59258.9,32577.56,2.22,3,0.352,3,2268.24,3.62,0.55,0
52,39092.34,10829.18,9.35,1,0.573,4,26346.53,4.61,0.277,1
43,40847.4,0.0,14.49,1,0.184,2,0.0,1.58,0.0,1
53,38346.01,25686.4,5.46,1,0.583,1,12325.83,22.21,0.67,1
23,81359.82,3584.36,10.97,3,0.606,1,21321.6,5.0,0.044,1
38,46416.17,26302.57,12.3,1,0.21,1,18105.43,14.67,0.567,0
45,17933.73,34018.84,2.19,2,0.39,0,5392.6,21.01,1.897,0
62,68730.45,25557.0,17.71,3,0.733,0,21923.1,4.59,0.372,1
51,93319.39,30856.94,26.59,1,0.252,2,3367.53,22.54,0.331,1
23,77007.83,42240.59,4.98,2,0.524,1,13731.38,5.0,0.549,1
60,46726.88,29601.13,18.14,2,0.187,2,21822.1,1.68,0.633,1
44,25090.14,21966.88,20.11,2,0.354,5,19554.95,3.53,0.876,1
52,57046.1,37607.38,12.87,3,0.233,5,5899.53,7.72,0.659,1
42,56497.07,39057.31,21.18,3,0.368,2,28369.93,1.09,0.691,1
43,38677.61,39225.26,12.62,2,0.557,2,15040.33,7.73,1.014,0
22,72122.82,12094.28,15.39,2,0.364,0,22915.94,1.5,0.168,1
47,100625.78,1751.78,0.72,3,0.357,2,32349.21,5.9,0.017,1
62,64890.22,11361.69,20.91,1,0.198,2,27410.25,6.64,0.175,1
22,63530.48,26443.7,20.01,0,0.692,0,27441.55,4.0,0.416,0
46,39380.98,19909.91,1.63,2,0.738,2,16312.16,5.89,0.506,0
37,90743.12,15522.23,11.36,0,0.459,1,23527.22,5.98,0.171,1
60,58346.83,24725.78,29.38,1,0.795,4,16563.16,17.17,0.424,1
53,47262.81,350.34,12.91,3,0.528,0,0.0,21.48,0.007,1
29,61401.14,19694.03,15.31,0,0.053,3,17632.93,9.68,0.321,1
63,70383.15,31421.49,27.34,2,0.15,6,17076.33,21.89,0.446,1
59,63062.74,24591.79,21.66,1,0.264,4,21004.75,8.5,0.39,1
49,86535.37,26301.72,17.67,2,0.49,2,12464.04,4.93,0.304,1
62,68447.37,37168.47,24.04,0,0.099,2,4862.53,8.24,0.543,1
46,53753.28,17206.28,26.0,0,0.416,1,21878.07,15.23,0.32,1
55,68826.23,10162.9,13.98,2,0.584,2,0.0,9.18,0.148,1
45,70992.02,32274.18,14.52,0,0.294,2,31505.83,16.82,0.455,1
44,31479.73,32053.45,11.89,2,0.407,2,11222.98,5.92,1.018,0
33,85287.23,24699.5,29.02,1,0.459,2,16946.34,15.0,0.29,1
27,53380.11,16075.55,21.07,2,0.46,2,20702.7,8.69,0.301,1
56,53942.89,18016.56,2.96,2,0.291,0,21088.26,11.4,0.334,1
65,76530.27,2678.72,25.96,2,0.556,1,0.0,13.94,0.035,0
40,76437.63,31355.36,14.68,2,0.286,0,23889.04,17.16,0.41,1
21,44581.7,30931.82,2.53,0,0.404,1,17637.85,3.0,0.694,1
28,77663.84,2259.81,16.72,1,0.353,2,6376.86,10.0,0.029,1
36,47670.14,28411.59,12.81,2,0.302,1,5004.0,18.0,0.596,1
34,100030.61,22849.22,26.39,2,0.42,1,9991.36,5.85,0.228,1
32,41779.73,5736.31,6.52,2,0.643,2,0.0,14.0,0.137,1
43,65268.5,3528.0,24.88,1,0.101,2,34667.21,16.62,0.054,1
35,42795.61,22481.92,16.95,1,0.349,2,31833.82,11.31,0.525,1
48,108899.3,13227.55,2.11,0,0.143,0,19420.4,3.94,0.121,1
54,32767.94,39839.39,29.17,2,0.1,1,11319.22,13.33,1.216,1
22,71535.98,29431.18,15.62,1,0.216,2,11634.7,4.0,0.411,1
52,43831.97,23684.32,9.08,1,0.685,3,23096.79,10.74,0.54,1
43,52209.63,24276.95,14.35,0,0.422,1,35093.92,10.22,0.465,1
42,69977.83,33970.41,25.81,2,0.29,3,7155.24,18.0,0.485,1
45,86940.86,28158.22,9.49,1,0.255,2,588.97,4.81,0.324,0
42,95714.72,23997.2,6.18,1,0.486,0,32571.69,20.55,0.251,1
42,26187.14,6236.87,4.31,2,0.381,2,0.0,8.15,0.238,1
62,65890.53,54743.36,9.29,4,0.29,1,1897.63,11.1,0.831,0
26,92108.86,4761.81,23.51,1,0.137,2,11037.71,8.0,0.052,1
35,22923.16,14249.49,14.41,2,0.199,2,0.0,15.63,0.622,1
63,66916.44,0.0,7.21,1,0.671,0,27345.79,7.7,0.0,1
57,59954.16,24465.58,5.4,3,0.419,0,24282.86,9.66,0.408,0
53,69119.92,19813.33,10.32,2,0.225,2,7102.48,7.64,0.287,1
28,43009.31,27183.32,28.23,3,0.461,2,29355.37,10.0,0.632,0
64,28416.39,0.0,10.62,1,0.556,2,31391.51,8.32,0.0,1
64,17911.66,31354.87,29.65,2,0.255,2,12641.95,18.14,1.751,1
25,81480.45,8310.78,14.81,0,0.314,4,8591.98,7.0,0.102,1
59,84289.08,16211.94,5.79,2,0.346,1,41115.22,3.64,0.192,1
24,66659.08,29178.86,26.79,3,0.177,1,22653.94,6.0,0.438,1
26,48248.74,21135.2,14.08,1,0.416,1,17075.9,5.54,0.438,1
65,24292.99,21983.31,21.44,1,0.193,3,30362.55,9.76,0.905,0
52,72393.6,27590.15,29.52,2,0.113,0,17623.17,12.9,0.381,1
50,35782.86,23145.49,1.98,0,0.192,2,7932.55,12.67,0.647,1
55,44351.43,13906.71,3.35,2,0.403,1,14961.92,18.86,0.314,1
60,47095.59,16002.37,21.75,2,0.215,2,26463.85,4.73,0.34,1
36,55654.23,20542.54,8.81,0,0.321,0,0.0,18.0,0.369,1
33,43301.11,7253.33,5.94,3,0.352,2,10543.63,8.57,0.168,1
62,60736.09,29952.1,1.66,4,0.145,4,30596.69,7.51,0.493,1
50,46320.0,21463.85,1.14,0,0.83,2,7857.58,17.13,0.463,1
39,75430.21,18897.32,23.35,2,0.291,1,32553.3,20.14,0.251,1
37,82683.38,32309.96,4.47,2,0.533,3,30976.93,9.46,0.391,0
39,62387.94,16558.64,14.3,2,0.334,2,13213.65,18.67,0.265,1
48,70177.78,15810.95,18.37,2,0.559,4,7177.53,22.09,0.225,1
46,106592.83,12184.45,13.14,3,0.563,0,10551.69,19.17,0.114,1
57,34202.73,22116.8,1.3,0,0.409,1,45975.37,0.85,0.647,1
46,32863.7,21701.4,23.61,0,0.098,4,36493.09,20.68,0.66,1
43,75289.95,10004.59,0.81,1,0.686,0,15504.69,19.36,0.133,1
29,102823.94,15867.67,22.98,3,0.22,1,6702.16,11.0,0.154,1
32,54269.03,10084.77,26.85,1,0.146,1,15404.49,14.0,0.186,1
21,97990.34,9541.58,13.27,1,0.539,3,16925.92,3.0,0.097,1
21,62121.54,0.0,16.3,2,0.395,1,0.0,3.0,0.0,1
54,45020.48,15229.08,14.57,0,0.374,1,14960.5,1.68,0.338,1
52,38204.77,0.0,11.98,2,0.246,2,29868.85,11.52,0.0,1
45,73847.1,12446.21,26.68,4,0.6,3,0.0,1.16,0.169,0
60,39870.9,10647.66,26.87,2,0.166,0,23919.01,7.36,0.267,1
65,61788.09,30622.74,10.41,3,0.383,1,30497.58,14.67,0.496,1
21,94836.23,5820.78,18.64,1,0.145,3,7273.31,3.0,0.061,1
36,53250.83,8865.76,27.84,4,0.539,0,34330.11,17.13,0.166,1
59,88908.21,13421.71,28.88,1,0.783,1,5715.96,20.55,0.151,1
25,33280.04,11038.28,15.51,2,0.466,1,19292.99,7.0,0.332,1
42,48254.0,34431.06,13.86,1,0.195,0,10318.73,22.5,0.714,1
49,29042.83,4337.19,8.72,1,0.538,2,10316.04,2.0,0.149,1
23,61605.93,13447.15,28.79,4,0.289,1,6592.41,5.0,0.218,1
32,77161.72,21984.78,4.71,0,0.228,3,22382.91,14.0,0.285,0
46,61654.12,28574.2,17.6,0,0.316,2,24185.67,8.05,0.463,1
36,86995.1,13437.1,8.84,2,0.102,3,13226.93,7.47,0.154,1
57,43518.06,0.0,8.73,2,0.689,1,0.0,7.63,0.0,1
42,64957.54,16198.75,12.45,1,0.341,2,18838.04,20.28,0.249,1
49,48395.67,34224.34,29.96,2,0.423,2,19064.17,20.79,0.707,1
34,67956.88,21386.25,2.12,2,0.69,2,11399.42,8.24,0.315,1
48,71082.19,20837.01,17.57,3,0.66,3,36406.78,14.81,0.293,0
25,72812.71,5243.78,2.94,3,0.256,1,0.0,3.47,0.072,1
50,36446.92,4011.94,5.06,1,0.377,4,0.0,11.72,0.11,1
25,40425.59,18216.5,13.47,1,0.217,2,5229.98,7.0,0.451,1
32,44505.67,883.45,15.56,1,0.594,2,22525.09,3.97,0.02,1
36,54744.62,27376.35,8.13,2,0.663,1,1329.86,18.0,0.5,0
46,61918.1,7840.25,9.84,1,0.107,2,2228.35,20.61,0.127,1
46,75577.96,17704.11,3.07,4,0.7,6,25412.26,24.31,0.234,0
41,41341.83,0.0,9.44,0,0.176,1,19550.58,4.49,0.0,1
59,24777.58,13274.38,29.01,4,0.325,2,18524.73,5.34,0.536,1
56,107426.35,3769.67,28.37,4,0.125,0,23377.15,0.42,0.035,0
53,35108.03,0.0,10.38,2,0.446,5,8897.68,18.12,0.0,1
50,78399.12,24502.11,17.34,2,0.174,3,9452.19,16.1,0.313,1
57,60687.87,37693.91,27.33,0,0.282,5,23717.35,4.45,0.621,1
43,65528.72,31553.68,0.68,1,0.345,2,0.0,19.78,0.482,1
30,59965.89,26180.29,24.42,1,0.076,0,0.0,7.48,0.437,1
25,51533.48,13030.55,28.48,0,0.465,0,8800.59,3.37,0.253,1
56,70207.39,27670.68,3.19,2,0.05,1,25170.48,10.56,0.394,1
54,50351.08,32686.24,5.26,2,0.269,1,17066.72,2.27,0.649,1
51,85658.66,19641.86,28.84,0,0.508,3,24287.5,6.58,0.229,1
30,72505.7,3787.68,16.36,0,0.566,1,0.0,9.28,0.052,1
39,73191.07,12007.39,0.92,5,0.276,2,17785.96,21.0,0.164,1
52,48843.29,38432.36,8.1,1,0.162,3,21846.37,19.81,0.787,1
21,54800.2,17103.07,13.77,3,0.403,1,0.0,3.0,0.312,1
25,33865.92,0.0,20.94,2,0.483,1,24344.69,7.0,0.0,1
65,52233.65,372.92,22.13,3,0.47,6,12661.77,14.22,0.007,1
24,37195.33,12906.62,29.86,3,0.351,0,50856.04,6.0,0.347,1
36,88887.51,30429.9,8.98,2,0.606,2,0.0,18.0,0.342,1
44,61111.79,14722.53,16.38,0,0.297,3,30429.37,17.09,0.241,1
36,63750.94,30653.18,16.23,3,0.315,2,9270.1,15.48,0.481,1
22,55046.78,11686.05,12.47,0,0.303,1,0.0,4.0,0.212,1
48,64346.74,0.0,5.49,3,0.454,0,7676.54,17.07,0.0,1
52,114227.31,12101.27,29.33,1,0.335,1,17329.75,9.61,0.106,1
47,53396.91,22139.34,25.67,2,0.697,5,26449.6,21.73,0.415,1
40,45690.91,21143.4,15.2,4,0.646,1,34663.57,4.06,0.463,1
44,71653.25,2938.71,18.3,3,0.381,2,31062.72,22.1,0.041,1
32,15000.0,13785.65,7.2,1,0.092,3,2415.42,8.56,0.919,0
55,61407.05,50216.09,16.54,0,0.671,1,27561.98,3.13,0.818,1
53,51822.32,3200.77,21.0,4,0.508,1,18695.42,15.0,0.062,1
53,38169.11,25928.68,15.7,1,0.12,1,6144.76,9.4,0.679,1
63,71170.67,0.0,29.71,1,0.546,1,11457.07,20.39,0.0,1
57,61187.75,28365.5,18.53,3,0.088,0,5481.89,10.77,0.464,1
32,20347.0,7292.1,11.44,3,0.119,1,14445.11,14.0,0.358,0
23,45776.35,22825.06,23.28,2,0.309,1,5244.11,5.0,0.499,1
21,15000.0,2501.69,5.53,0,0.906,2,1664.07,3.0,0.167,0
53,66451.92,21490.23,11.84,3,0.217,1,19749.43,9.7,0.323,1
60,66232.59,7096.2,10.74,0,0.667,3,21544.77,15.17,0.107,1
30,42547.8,9419.42,13.24,0,0.625,2,11748.84,12.0,0.221,1
63,71882.48,23303.83,23.56,1,0.203,3,30411.82,14.46,0.324,1
64,31785.03,12835.37,14.78,2,0.453,2,10874.83,24.7,0.404,0
49,38736.63,22564.58,23.92,1,0.681,4,10366.71,17.28,0.583,1
33,69178.19,15709.9,17.51,1,0.504,0,21925.87,15.0,0.227,1
32,44849.33,18809.92,10.59,2,0.135,3,12410.89,2.95,0.419,1
51,58621.55,23341.04,24.39,1,0.093,4,15017.57,1.53,0.398,1
22,47599.72,13799.78,7.53,2,0.586,2,0.0,4.0,0.29,1
55,50959.51,6047.4,7.12,0,0.255,5,14200.49,3.41,0.119,1
43,51921.07,11612.25,15.38,1,0.426,2,0.0,13.15,0.224,1
37,44451.35,32341.67,8.2,1,0.258,3,0.0,12.97,0.728,0
46,66653.89,19394.08,0.77,3,0.281,0,0.0,14.38,0.291,1
28,46185.57,7861.22,19.62,1,0.299,3,1489.0,10.0,0.17,1
49,60345.11,22818.73,15.58,0,0.219,0,7413.75,24.28,0.378,1
46,43967.9,23619.79,13.64,3,0.472,1,8162.09,21.96,0.537,1
30,26245.43,24239.99,29.03,1,0.523,1,21971.3,2.96,0.924,0
46,80073.58,6265.95,17.35,0,0.205,1,16668.65,8.46,0.078,1
54,70989.59,9811.31,25.97,3,0.214,2,0.0,6.4,0.138,1
61,110351.01,9878.05,4.61,1,0.615,5,14999.54,4.42,0.09,1
27,37032.6,13672.23,17.29,0,0.194,3,17819.06,9.0,0.369,0
24,55402.87,24467.03,26.11,3,0.452,3,10057.2,6.0,0.442,1
65,57172.84,21554.22,17.7,1,0.671,2,13269.37,5.68,0.377,0
31,81766.13,22502.6,21.68,1,0.171,6,16283.72,13.0,0.275,1
49,48843.63,34248.23,11.48,2,0.257,4,23175.2,18.32,0.701,0
56,34237.08,26266.69,3.23,1,0.252,0,0.0,0.52,0.767,0
45,86571.8,16298.38,14.01,2,0.296,1,11068.2,9.89,0.188,0
41,53033.7,3793.38,12.14,3,0.392,1,32100.03,22.25,0.072,1
56,79330.16,9425.44,26.08,1,0.243,2,30999.94,13.01,0.119,1
30,76768.36,14859.54,7.7,1,0.473,1,24211.24,8.69,0.194,1
57,59342.41,27949.56,29.02,0,0.497,0,20441.9,6.34,0.471,1
29,56165.1,17672.02,28.77,0,0.355,0,33855.62,6.08,0.315,1
44,51385.57,10125.65,7.81,2,0.211,1,37014.18,2.49,0.197,1
55,59665.75,9205.29,10.77,0,0.598,1,12451.04,20.43,0.154,1
55,78988.2,17165.06,26.92,2,0.343,0,2366.81,2.17,0.217,1
56,42478.32,28679.85,29.02,0,0.113,1,10756.49,7.31,0.675,1
38,62394.6,37092.23,13.58,1,0.184,2,51160.35,1.14,0.594,1
59,35390.11,15530.78,9.97,0,0.318,2,0.0,19.53,0.439,1
52,38129.66,17463.08,16.02,1,0.275,2,8353.53,0.98,0.458,1
44,59319.34,3432.7,20.79,1,0.205,0,0.0,7.71,0.058,1
43,16876.52,41270.31,8.57,4,0.309,2,15497.17,14.33,2.445,0
52,105332.29,1187.97,22.23,2,0.18,3,0.0,10.24,0.011,1
57,33752.68,32059.95,2.02,3,0.384,1,12694.99,7.06,0.95,0
32,59118.05,13615.97,1.95,0,0.296,1,0.0,6.88,0.23,1
33,85700.79,10807.6,11.9,1,0.402,2,21411.45,15.0,0.126,1
43,41016.08,4679.96,10.93,2,0.369,3,28668.14,24.35,0.114,1
45,15000.0,46920.58,9.81,3,0.508,1,9392.68,8.7,3.128,0
55,50211.19,20657.9,14.99,3,0.409,3,12378.44,0.98,0.411,0
61,40753.95,18255.37,9.96,4,0.447,3,12039.11,0.91,0.448,1
50,15000.0,28640.79,6.17,0,0.426,1,16170.93,18.98,1.909,0
37,66267.58,10190.01,9.63,0,0.423,4,13541.96,13.81,0.154,1
40,64556.06,18022.15,29.26,3,0.457,2,23217.4,19.59,0.279,0
45,85131.18,18676.04,12.63,2,0.355,2,28796.47,17.44,0.219,1
42,35341.91,11854.25,13.62,1,0.748,1,4231.15,22.69,0.335,1
33,24819.0,32395.66,17.51,1,0.385,1,10288.06,15.0,1.305,0
39,51052.09,15376.15,29.51,1,0.095,2,24819.43,19.71,0.301,1
56,58056.46,0.0,7.63,3,0.207,3,0.0,11.88,0.0,1
32,80269.69,14382.03,20.6,1,0.422,1,0.0,7.7,0.179,1
61,91032.5,20990.14,21.62,0,0.354,3,16715.79,12.68,0.231,1
39,86718.54,7278.08,18.42,1,0.353,2,19956.16,12.55,0.084,1
32,66083.96,8224.86,3.11,4,0.097,2,5332.4,14.0,0.124,1
29,77588.98,11444.89,20.47,2,0.445,1,7056.19,4.65,0.148,1
27,45909.14,32654.83,2.39,0,0.123,4,4877.69,9.0,0.711,1
48,63704.69,12154.1,18.09,3,0.654,2,3596.9,11.42,0.191,0
34,33791.62,35149.4,22.32,2,0.258,3,22321.95,15.51,1.04,1
51,61379.08,10620.59,6.72,1,0.434,2,0.0,5.99,0.173,1
39,61950.23,21900.17,25.33,0,0.226,1,10813.73,10.86,0.354,1
36,97886.83,12645.09,1.4,3,0.054,1,3135.97,5.26,0.129,1
25,54962.38,27049.0,25.39,3,0.186,0,0.0,7.0,0.492,1
55,61980.94,4580.71,14.08,2,0.317,1,24442.14,12.2,0.074,1
32,65213.15,26914.31,6.92,2,0.092,2,7762.1,5.62,0.413,1
45,49993.95,19366.43,4.45,1,0.758,2,16261.28,1.03,0.387,1
41,42345.16,10320.1,28.62,2,0.36,3,0.0,16.89,0.244,1
56,88573.85,16005.34,2.64,3,0.273,0,5096.73,5.37,0.181,1
43,38419.82,36406.26,6.37,0,0.577,2,23073.05,24.74,0.948,0
36,30785.8,19654.13,10.76,2,0.315,2,45047.26,13.34,0.638,1
59,74965.84,9567.26,18.8,0,0.491,1,0.0,7.22,0.128,1
65,85471.93,3543.68,16.57,3,0.15,1,11586.71,16.44,0.041,1
62,50068.99,24064.85,4.21,0,0.572,1,18947.37,6.88,0.481,1
59,50406.82,20350.14,9.05,4,0.182,3,6606.8,20.51,0.404,1
34,66215.96,26340.25,7.54,1,0.334,1,24194.26,7.71,0.398,1
51,44427.24,453.3,6.8,2,0.371,2,3599.21,24.71,0.01,1
25,42802.32,3932.87,12.63,1,0.609,1,15846.17,7.0,0.092,0
55,79351.04,31762.55,21.27,2,0.416,0,7735.14,21.11,0.4,1
43,73356.88,21976.1,6.91,2,0.511,3,28633.17,1.82,0.3,1
49,88845.5,24400.81,11.32,1,0.245,0,5883.63,8.71,0.275,1
63,32443.04,6447.76,12.03,1,0.541,0,9777.51,18.44,0.199,1
31,48945.83,6228.15,29.31,3,0.486,3,25348.27,13.0,0.127,1
38,66185.95,29895.1,28.66,1,0.169,0,1663.54,4.86,0.452,1
32,39636.34,30460.53,24.1,1,0.435,1,14825.0,8.91,0.769,1
29,74117.12,4940.17,7.63,4,0.201,1,0.0,6.59,0.067,1
30,86941.8,2647.55,2.51,0,0.39,0,944.8,12.0,0.03,1
64,47166.12,16696.88,9.85,2,0.704,0,18585.58,8.61,0.354,1
37,60849.02,8407.82,8.37,2,0.439,3,2111.63,7.73,0.138,1
58,92023.61,8157.88,15.42,1,0.425,1,7465.12,5.18,0.089,1
27,99583.97,2983.46,23.44,4,0.341,1,19917.04,9.0,0.03,1
33,76407.63,12378.79,25.82,2,0.372,0,7049.77,4.89,0.162,1
60,73055.44,4143.66,25.42,4,0.105,3,23874.1,24.06,0.057,1
62,41217.8,4855.19,11.11,1,0.265,1,16587.95,3.86,0.118,1
29,67902.61,21580.7,20.77,1,0.425,3,19228.2,11.0,0.318,1
47,72250.06,17337.62,9.73,5,0.143,2,28891.59,10.71,0.24,1
22,55371.86,23818.54,2.3,1,0.445,2,17837.88,4.0,0.43,1
25,46914.92,0.0,21.2,1,0.419,0,32466.17,5.78,0.0,1
49,31811.45,18118.57,0.79,1,0.125,1,24935.15,15.89,0.57,1
57,21769.95,42907.65,12.57,2,0.582,1,7718.57,17.14,1.971,0
58,17146.56,13532.73,10.22,2,0.115,0,29517.78,11.69,0.789,1
39,72747.74,27896.99,20.95,3,0.23,5,17166.39,1.39,0.383,1
28,63249.39,27792.08,23.1,2,0.194,0,9263.84,10.0,0.439,1
65,49356.16,28382.38,9.47,3,0.261,4,17340.63,24.51,0.575,1
21,52707.96,19999.94,24.44,3,0.28,0,27347.92,3.0,0.379,1
42,64630.35,24793.03,9.17,4,0.548,0,19460.54,15.34,0.384,0
37,56379.61,26388.16,13.67,1,0.488,0,35868.71,11.26,0.468,0
27,30507.83,25625.35,21.95,2,0.616,0,27038.37,8.05,0.84,1
45,80086.0,4590.98,20.94,2,0.209,1,20277.92,1.93,0.057,1
65,66690.78,0.0,29.63,1,0.287,0,1687.18,11.4,0.0,1
24,65849.77,0.0,7.14,0,0.049,1,11843.21,6.0,0.0,1
56,78426.38,14758.08,20.04,1,0.087,1,14859.97,0.43,0.188,1
26,42099.8,25127.12,18.49,2,0.405,2,22359.58,8.0,0.597,0
51,86702.09,4747.06,27.5,3,0.677,0,21648.0,22.02,0.055,1
39,56919.06,29087.65,5.11,2,0.22,3,16034.48,5.44,0.511,1
64,79549.18,11972.7,22.68,1,0.716,3,15444.2,4.58,0.151,1
59,76157.88,12086.94,17.26,1,0.133,3,22645.48,19.31,0.159,1
47,37146.36,7966.72,8.6,0,0.274,1,3696.97,6.38,0.214,1
30,71063.81,0.0,14.5,2,0.231,1,34346.19,4.8,0.0,1
46,67178.04,20751.77,10.35,2,0.329,1,0.0,9.45,0.309,1
39,60666.86,38552.01,17.59,1,0.455,1,31464.91,9.81,0.635,1
59,57923.82,17248.03,26.73,2,0.233,2,13457.77,21.85,0.298,1
23,58110.35,0.0,17.29,1,0.852,2,26030.96,5.0,0.0,1
65,77879.17,27364.11,19.14,1,0.486,1,18366.09,10.15,0.351,1
33,72714.03,0.0,15.8,1,0.154,0,18152.41,13.36,0.0,1
48,60670.53,3491.59,2.01,2,0.142,3,20651.05,23.85,0.058,1
40,27177.4,15139.94,7.37,4,0.405,2,23708.65,2.83,0.557,1
48,70877.76,19474.12,15.01,2,0.062,1,10054.03,5.19,0.275,1
28,75919.5,5896.03,9.65,1,0.669,0,26417.59,10.0,0.078,1
61,110609.02,14672.21,5.86,0,0.462,2,986.35,23.93,0.133,1
59,83659.53,26581.95,15.37,1,0.372,0,13936.03,4.43,0.318,1
21,18218.12,28226.15,10.02,4,0.264,2,24031.64,3.0,1.549,0
23,61725.45,33017.48,8.11,5,0.363,4,25940.21,5.0,0.535,0
33,99850.25,40913.02,14.19,1,0.344,1,19529.47,1.24,0.41,1
48,73718.07,27718.67,4.43,1,0.654,2,9279.29,16.37,0.376,1
45,67230.35,15399.16,27.87,4,0.274,1,24760.49,1.94,0.229,1
53,79805.03,28311.77,26.1,2,0.147,0,5967.61,1.45,0.355,1
58,46307.68,23600.59,21.37,3,0.218,6,35016.91,12.13,0.51,1
26,70517.98,24076.4,3.63,3,0.382,0,12983.95,8.0,0.341,1
64,54489.7,20126.63,23.39,2,0.305,2,0.0,10.67,0.369,1
65,59568.28,7055.35,24.33,1,0.198,3,0.0,8.91,0.118,1
52,78226.0,5662.84,23.15,2,0.152,2,14523.72,24.95,0.072,1
65,39612.31,16834.58,3.86,2,0.349,1,15677.9,13.3,0.425,1
41,88335.61,19786.92,19.5,0,0.23,0,37635.88,9.38,0.224,1
36,50698.14,9846.71,25.11,3,0.25,1,1538.01,9.65,0.194,1
41,65734.58,23080.1,17.53,3,0.449,2,14473.55,4.87,0.351,1
31,29188.82,42969.19,19.57,0,0.213,2,1286.94,12.81,1.472,0
57,75836.42,0.0,14.02,3,0.458,1,8088.14,10.97,0.0,1
56,91823.09,24986.93,16.1,0,0.54,3,34207.66,6.77,0.272,1
55,48677.89,17208.3,1.51,3,0.418,1,363.97,4.01,0.354,0
39,35575.09,23407.87,19.35,0,0.123,1,21044.51,7.78,0.658,1
40,66115.63,12831.42,2.9,2,0.329,0,18714.89,12.72,0.194,1
38,92005.83,16247.28,13.33,1,0.361,3,13709.94,1.46,0.177,1
61,28103.16,19554.01,9.13,1,0.385,6,20233.24,3.84,0.696,0
34,35661.22,14380.39,16.59,2,0.135,4,79.76,16.0,0.403,1
35,50007.83,0.0,4.44,2,0.527,2,33875.87,13.57,0.0,0
51,41952.44,15193.02,20.9,2,0.644,1,37098.15,1.59,0.362,1
21,42021.92,1002.8,23.95,2,0.137,0,14565.26,3.0,0.024,1
23,15000.0,25838.32,5.32,1,0.187,0,43077.27,1.55,1.723,0
36,72959.25,0.0,3.58,2,0.278,2,9211.66,18.0,0.0,1
43,67451.85,30343.85,4.79,3,0.152,4,18805.18,18.75,0.45,1
31,22625.32,23154.76,26.38,2,0.082,1,31182.67,13.0,1.023,1
32,92058.31,23200.66,16.08,1,0.566,2,8491.95,14.0,0.252,1
30,96984.03,0.0,14.28,0,0.134,1,0.0,2.2,0.0,1
52,43480.08,14056.81,3.65,0,0.703,2,0.0,18.17,0.323,1
36,85664.07,31842.76,19.66,0,0.125,0,38729.92,3.42,0.372,1
28,47394.05,11776.7,26.11,0,0.521,2,7651.7,8.49,0.248,1
58,63984.56,5063.25,24.93,2,0.055,2,11771.16,23.57,0.079,1
32,41613.23,10359.96,18.97,2,0.301,2,646.83,12.57,0.249,0
44,108713.53,17180.67,2.72,2,0.453,2,25380.07,24.19,0.158,1
48,53487.62,7783.55,3.82,1,0.237,1,4621.28,2.22,0.146,1
28,62781.88,32805.81,1.95,1,0.155,2,8104.84,10.0,0.523,1
48,44865.38,17223.99,8.1,2,0.134,0,17594.25,1.56,0.384,1
56,100948.94,11333.17,4.5,0,0.224,3,1231.45,15.76,0.112,1
46,101505.52,2383.88,8.17,1,0.675,5,11857.01,1.97,0.023,1
28,95880.44,23813.36,11.86,3,0.73,3,30826.52,4.38,0.248,1
48,81041.69,23540.0,28.32,0,0.196,1,19139.05,6.47,0.29,1
48,46254.63,8493.49,18.51,0,0.249,0,15566.51,18.72,0.184,1
57,78212.7,0.0,25.13,1,0.27,2,16578.38,4.1,0.0,1
61,59845.06,22929.15,21.46,1,0.418,0,9330.38,21.17,0.383,1
56,88872.99,15758.36,3.82,0,0.552,0,37953.83,3.3,0.177,1
47,84549.85,22032.85,22.21,2,0.798,2,4254.11,0.88,0.261,1
37,45716.16,41486.09,8.62,2,0.274,0,16531.11,9.88,0.907,1
29,80852.17,17678.02,19.35,2,0.494,2,15380.31,11.0,0.219,1
53,75004.76,11833.94,10.56,0,0.37,3,26105.15,2.76,0.158,0
40,15000.0,4232.14,29.93,3,0.392,1,27238.09,2.54,0.282,1
33,77620.61,14250.94,8.27,0,0.204,1,13615.77,15.0,0.184,1
48,50500.49,19926.93,8.73,2,0.318,3,17488.0,7.8,0.395,1
49,40507.07,18639.69,27.95,3,0.524,1,17942.42,17.93,0.46,1
33,41448.27,38681.58,1.23,4,0.461,5,0.0,5.0,0.933,0
55,57024.66,23989.03,21.05,2,0.473,2,0.0,11.5,0.421,1
26,70561.31,16382.39,21.9,1,0.476,5,6739.24,6.63,0.232,1
38,29959.84,9521.27,25.17,1,0.313,2,7260.82,11.29,0.318,1
25,64176.65,21200.07,29.25,5,0.578,4,0.0,7.0,0.33,1
45,72688.68,7115.9,29.28,3,0.211,2,22994.99,19.05,0.098,1
22,100959.73,20157.97,2.43,3,0.352,0,14025.42,4.0,0.2,1
30,36312.82,23848.97,24.74,1,0.305,4,11423.67,12.0,0.657,1
50,52308.53,15402.57,19.57,0,0.339,1,0.0,6.59,0.294,1
65,65756.59,10436.56,19.6,1,0.353,1,13465.46,6.01,0.159,1
25,85243.01,0.0,4.29,2,0.179,5,0.0,7.0,0.0,1
53,53307.07,31726.04,19.68,2,0.331,0,12044.52,15.53,0.595,1
21,86370.11,22839.6,29.48,0,0.41,2,14758.2,1.16,0.264,1
38,17378.03,23131.41,27.4,3,0.167,1,16902.98,15.19,1.331,0
52,32426.34,0.0,13.45,2,0.326,1,0.0,9.36,0.0,1
31,67670.18,34558.06,1.68,3,0.608,5,16697.8,13.0,0.511,0
41,28961.86,12417.4,11.19,3,0.414,2,1502.82,20.2,0.429,1
46,34161.65,14534.46,24.88,0,0.215,4,4250.36,13.8,0.425,1
45,48388.91,5168.56,21.19,3,0.195,1,22615.18,0.04,0.107,1
42,76971.66,0.0,14.05,1,0.404,3,38169.36,15.91,0.0,1
47,18288.77,31888.16,2.13,3,0.849,0,14616.31,18.72,1.744,0
33,63746.56,33439.17,13.09,3,0.237,0,4194.85,6.22,0.525,1
53,82725.21,16013.66,14.34,1,0.262,4,16264.05,11.62,0.194,0
54,55711.21,9847.39,27.89,1,0.332,1,25268.35,24.14,0.177,1
61,51885.73,13475.47,19.41,1,0.327,0,21451.97,7.45,0.26,0
55,68838.97,13804.62,9.69,2,0.303,3,46917.35,5.58,0.201,1
21,55773.56,3601.68,16.0,0,0.183,2,5415.95,3.0,0.065,1
41,90591.0,14492.94,2.45,2,0.273,2,17026.78,13.97,0.16,1
26,35548.91,19837.22,29.19,4,0.638,2,32587.02,8.0,0.558,1
48,58863.83,30217.89,11.12,1,0.369,3,31833.91,15.22,0.513,1
37,64525.1,18170.93,14.6,1,0.107,2,0.0,7.58,0.282,1
25,51674.01,0.0,10.98,1,0.44,0,13959.71,7.0,0.0,1
51,15000.0,22242.57,20.63,5,0.795,4,31814.25,15.62,1.483,0
25,56460.09,14928.83,20.04,2,0.659,2,48687.72,7.0,0.264,1
58,79803.89,34444.92,21.6,4,0.298,2,22445.55,3.99,0.432,1
23,77118.4,35153.49,8.41,1,0.15,5,9585.64,5.0,0.456,1
43,67805.13,35573.45,9.81,4,0.579,2,1889.56,10.75,0.525,0
57,35847.03,11260.94,4.19,3,0.542,3,40624.92,0.46,0.314,0
57,68696.81,41878.26,19.84,2,0.024,0,22744.9,13.49,0.61,1
30,47384.37,22211.31,1.67,1,0.535,1,3823.2,12.0,0.469,1
30,67776.62,37516.56,18.13,1,0.189,1,11562.12,8.74,0.554,1
39,62673.11,11968.56,26.16,0,0.166,0,17722.24,21.0,0.191,1
37,38519.74,14416.84,26.78,1,0.273,1,20525.68,2.41,0.374,1
41,40365.97,21288.33,13.75,1,0.412,2,3204.58,18.31,0.527,1
34,67810.49,19822.53,14.05,3,0.215,1,6629.71,2.86,0.292,1
29,55135.51,33057.74,2.77,1,0.633,4,0.0,6.84,0.6,0
21,41513.81,15214.45,20.29,0,0.46,2,26477.15,3.0,0.366,1
65,39697.74,31975.38,24.73,2,0.186,1,9900.58,14.82,0.805,1
33,53315.72,26786.81,7.72,2,0.581,2,19595.86,15.0,0.502,1
24,94498.31,15439.29,12.93,1,0.48,1,31067.1,6.0,0.163,0
21,48426.28,25856.12,25.25,2,0.344,2,16638.44,3.0,0.534,1
60,59691.57,12320.82,26.38,2,0.327,0,12644.35,22.81,0.206,1
52,62236.17,46202.47,7.67,2,0.59,3,16327.06,11.3,0.742,1
54,35117.42,0.0,16.74,1,0.263,0,14758.32,5.63,0.0,1
48,21217.69,26075.32,6.18,1,0.727,1,28953.98,4.04,1.229,0
51,37413.9,0.0,3.51,5,0.314,3,17730.06,10.0,0.0,1
28,65435.7,15292.12,27.38,5,0.342,1,7467.19,10.0,0.234,0
59,61921.28,16972.7,24.7,1,0.375,2,26574.19,1.06,0.274,1
46,75452.94,36091.6,22.92,0,0.257,1,28765.81,3.23,0.478,1
54,62128.5,9694.17,1.94,1,0.193,0,0.0,2.65,0.156,1
23,57589.92,33696.14,25.39,3,0.08,0,32393.41,5.0,0.585,0
32,46711.73,3854.2,13.42,1,0.503,1,18376.54,6.07,0.083,1
21,79461.35,34160.04,10.6,0,0.565,2,17399.24,3.0,0.43,1
64,39778.04,12307.85,16.62,3,0.683,2,26079.5,14.82,0.309,1
25,35571.21,18881.21,3.19,1,0.659,2,7196.28,7.0,0.531,0
50,72475.22,13963.46,22.82,1,0.191,1,25449.97,8.3,0.193,1
50,30670.54,33388.36,17.68,0,0.269,1,9478.69,14.46,1.089,1
37,113125.4,31052.88,6.0,1,0.365,1,0.0,2.45,0.274,1
43,61759.85,23322.02,6.05,2,0.292,0,2026.92,23.38,0.378,1
35,67653.93,4177.58,5.94,1,0.507,0,20804.26,8.42,0.062,1
57,42214.76,9419.74,2.18,0,0.616,0,2654.38,24.94,0.223,1
41,53064.17,5657.08,17.84,3,0.197,2,33320.91,23.0,0.107,1
34,50611.34,0.0,25.29,0,0.059,0,28271.4,16.0,0.0,1
22,48079.63,33135.82,1.02,2,0.616,2,30001.27,0.5,0.689,0
31,73925.16,14066.12,1.95,1,0.543,2,15497.34,13.0,0.19,1
59,50109.33,13938.07,17.4,1,0.179,1,17094.34,2.17,0.278,1
58,82385.03,35953.23,24.68,3,0.239,4,0.0,22.38,0.436,1
54,118590.01,12288.14,10.14,2,0.09,2,25949.4,19.74,0.104,1
58,53498.09,7914.35,10.81,3,0.524,2,18558.0,24.31,0.148,1
54,63350.94,15303.05,18.09,3,0.414,2,20807.67,15.21,0.242,1
38,68348.61,4407.97,8.59,5,0.622,1,34259.74,13.05,0.064,1
50,99853.11,22132.27,1.28,2,0.606,5,6728.44,12.97,0.222,1
35,58181.75,13516.06,22.19,0,0.355,5,12486.3,9.66,0.232,1
47,41761.63,11912.74,18.96,1,0.152,1,17920.05,11.72,0.285,1
54,32140.51,10873.16,17.63,1,0.095,3,2774.78,15.89,0.338,1
58,58724.35,16725.34,22.38,2,0.15,3,11748.81,23.32,0.285,1
53,50135.64,19001.77,20.42,3,0.257,3,19915.4,14.9,0.379,1
44,104220.2,11760.3,6.57,3,0.308,2,10094.94,21.43,0.113,1
35,98936.97,13694.81,10.9,1,0.263,2,29707.87,17.0,0.138,1
50,37243.8,17021.73,4.22,1,0.62,1,0.0,12.97,0.457,1
62,44363.28,15810.98,4.33,1,0.479,2,27473.25,8.69,0.356,1
37,61622.94,18372.91,20.45,0,0.693,0,21934.23,15.99,0.298,1
25,90738.98,9879.95,25.83,2,0.308,1,7174.06,7.0,0.109,1
49,61254.29,30055.11,28.9,3,0.448,3,2907.1,2.04,0.491,0
24,45760.71,19161.94,19.04,1,0.708,1,0.0,6.0,0.419,1
30,58704.6,11953.84,5.93,1,0.702,3,4457.9,12.0,0.204,1
37,46173.33,22132.61,3.62,1,0.044,1,26566.12,1.21,0.479,1
30,73254.5,17107.58,24.48,1,0.211,2,13326.97,12.0,0.234,1
37,44401.26,0.0,17.57,2,0.083,0,27955.77,19.0,0.0,1
40,48770.41,22091.43,18.74,1,0.418,0,6561.55,16.22,0.453,1
44,85562.54,5765.93,23.55,2,0.535,0,22485.27,14.24,0.067,1
25,43095.97,29213.13,21.25,3,0.285,2,5390.02,7.0,0.678,1
54,28185.18,15099.0,25.12,2,0.574,1,2413.1,10.73,0.536,1
26,62089.86,27360.84,2.16,0,0.31,4,12714.47,2.28,0.441,1
22,52069.59,10437.38,22.55,2,0.207,1,6020.4,4.0,0.2,0
33,71251.14,18839.15,25.6,3,0.358,1,0.0,10.81,0.264,1
63,66984.38,32522.92,8.94,1,0.118,1,11812.22,16.63,0.486,1
63,59297.79,14771.8,19.39,3,0.578,3,15277.22,13.28,0.249,0
31,58657.04,10910.19,9.77,0,0.736,0,29220.3,1.37,0.186,1
43,43811.11,25860.49,28.76,4,0.589,5,25241.67,23.82,0.59,0
36,61833.64,25627.94,1.49,3,0.534,0,28639.32,18.0,0.414,0
51,79388.27,11415.01,17.6,2,0.542,0,22644.29,3.73,0.144,1
31,38584.17,0.0,5.41,0,0.322,0,17991.35,13.0,0.0,1
36,59881.26,10679.72,21.51,1,0.533,1,0.0,18.0,0.178,1
28,82844.55,26128.31,5.69,2,0.262,4,15798.47,10.0,0.315,0
24,71119.33,8699.59,7.44,1,0.325,0,21161.53,6.0,0.122,1
60,88808.4,17868.75,15.08,3,0.509,3,31489.26,2.67,0.201,1
24,47500.87,10110.18,27.49,4,0.332,3,22235.46,6.0,0.213,1
45,19723.09,0.0,6.75,3,0.382,0,28884.6,1.84,0.0,1
23,64414.34,9894.23,4.76,1,0.284,0,1616.03,5.0,0.154,1
52,67976.56,26077.58,22.89,1,0.585,0,10082.99,13.82,0.384,1
23,90105.28,0.0,15.27,1,0.42,2,19152.21,5.0,0.0,1
47,86139.21,21026.01,27.4,1,0.601,1,27931.43,18.13,0.244,0
49,71808.36,3767.17,4.83,1,0.169,4,12257.26,6.24,0.052,1
52,76838.58,25301.3,19.55,3,0.252,1,13010.65,22.21,0.329,1
39,55779.93,26571.83,7.37,3,0.445,1,22245.68,14.33,0.476,1
41,33179.48,15936.62,5.12,3,0.58,3,489.55,15.16,0.48,1
25,62589.87,15963.98,20.66,3,0.32,0,33288.85,4.22,0.255,1
38,81616.62,8323.65,18.01,2,0.71,2,3450.37,20.0,0.102,1
48,74439.94,1853.0,22.77,4,0.18,1,0.0,23.27,0.025,1
62,78343.76,38377.11,9.63,2,0.388,0,14120.8,19.37,0.49,1
42,50589.37,7619.14,13.72,1,0.646,1,34381.5,23.52,0.151,1
41,54157.97,36813.55,12.46,4,0.716,2,21037.44,7.56,0.68,1
26,70635.36,7686.0,29.53,3,0.354,3,23013.09,8.0,0.109,1
21,47976.84,24302.28,9.12,0,0.109,2,14496.63,3.0,0.507,1
25,48654.22,4346.31,9.2,0,0.341,1,12171.47,4.1,0.089,1
61,66555.61,24280.74,10.96,2,0.191,1,0.0,16.72,0.365,1
32,76739.9,14092.95,17.16,1,0.379,2,0.0,14.0,0.184,1
46,55610.37,14249.81,7.94,2,0.403,4,16355.27,7.17,0.256,1
54,34409.83,25320.28,27.5,2,0.262,0,29750.59,0.69,0.736,1
34,43812.31,12370.3,8.34,1,0.5,2,18129.6,5.0,0.282,1
46,64480.79,862.22,26.93,1,0.513,1,21483.19,9.99,0.013,1
65,64213.46,27135.67,3.55,4,0.472,0,33004.61,4.19,0.423,1
47,65307.24,4249.19,19.87,2,0.463,4,17945.2,4.85,0.065,1
29,71468.5,24198.21,27.26,1,0.348,1,12528.14,9.78,0.339,1
46,60127.83,29675.96,5.48,2,0.335,2,4177.7,24.04,0.494,1
42,65831.23,13494.07,29.07,1,0.312,3,38266.55,19.11,0.205,1
50,59009.41,32188.23,13.86,1,0.385,1,20318.57,7.99,0.545,1
63,85272.14,23781.4,28.4,1,0.231,2,2676.78,23.79,0.279,1
37,91511.52,9649.66,20.47,2,0.518,2,0.0,16.14,0.105,1
46,33841.75,34817.15,9.4,1,0.43,0,29036.76,11.39,1.029,1
56,54384.46,4299.94,6.05,2,0.285,0,1550.7,11.71,0.079,1
21,60719.94,13479.59,9.46,0,0.196,2,36246.01,3.0,0.222,1
28,54127.88,15524.22,3.24,2,0.119,2,0.0,5.82,0.287,1
55,99444.3,25262.68,4.74,1,0.322,2,31071.14,9.67,0.254,1
35,64927.02,31385.2,3.59,3,0.305,3,19842.74,13.2,0.483,1
42,42281.82,30633.5,12.98,1,0.66,1,15423.13,13.2,0.725,0
34,73121.73,20684.98,23.97,0,0.216,0,11894.5,16.0,0.283,1
46,65961.44,14636.77,4.67,1,0.26,1,36688.76,8.97,0.222,1
48,66692.24,0.0,4.34,2,0.092,0,22484.71,17.92,0.0,1
43,99773.28,2230.25,19.48,0,0.447,1,3161.56,14.45,0.022,1
34,67717.27,39199.87,6.32,1,0.261,1,0.0,16.0,0.579,1
44,53319.45,0.0,3.38,2,0.455,0,16127.57,9.63,0.0,0
22,16983.92,8586.11,5.42,1,0.357,2,13987.15,4.0,0.506,0
65,56361.22,31735.28,27.75,1,0.512,1,0.0,20.52,0.563,1
46,88731.34,20516.56,24.73,2,0.585,2,13335.28,15.94,0.231,1
34,57994.28,29136.54,10.94,0,0.257,1,7112.78,16.0,0.502,1
27,15000.0,24513.94,19.85,4,0.425,0,14111.48,2.12,1.634,0
23,49036.03,35634.99,16.35,3,0.273,3,22711.08,5.0,0.727,1
43,81839.15,21545.13,20.48,1,0.691,2,31911.32,2.67,0.263,1
63,72007.98,25961.37,20.64,3,0.47,2,24906.67,14.08,0.361,1
65,41522.62,9309.04,19.05,3,0.232,2,5342.71,8.25,0.224,1
38,47563.73,25036.0,8.35,4,0.376,1,18426.98,10.75,0.526,1
58,50964.41,13246.49,1.65,2,0.302,4,14757.29,15.25,0.26,1
55,45420.3,12562.73,13.94,2,0.7,3,0.0,22.72,0.277,1
35,15347.17,28736.68,26.78,3,0.145,0,18778.79,11.44,1.872,1
45,76799.0,28819.48,17.3,1,0.452,3,36280.07,24.69,0.375,1
57,87655.32,38261.31,25.06,1,0.499,2,14389.12,14.82,0.436,1
48,26594.12,37479.16,29.75,1,0.591,3,0.0,4.01,1.409,1
30,87364.76,29007.78,5.33,2,0.086,1,14363.22,4.75,0.332,1
59,57733.49,0.0,20.91,0,0.583,1,0.0,17.9,0.0,1
37,86952.91,39932.17,20.39,0,0.383,4,24363.27,1.26,0.459,1
59,60834.91,29015.61,29.41,2,0.152,3,20298.38,12.01,0.477,0
42,62981.98,8809.68,29.58,1,0.251,1,11949.08,3.71,0.14,1
46,68193.56,26746.91,20.76,2,0.414,1,10026.03,10.83,0.392,1
64,42618.54,5552.81,7.69,0,0.443,1,11453.19,18.75,0.13,1
45,86282.83,25423.56,24.06,0,0.387,0,14099.29,11.47,0.295,1
37,35329.63,2204.76,3.66,0,0.515,2,4733.18,4.09,0.062,1
33,51154.53,8301.38,23.53,1,0.457,0,0.0,6.3,0.162,1
40,71533.82,26519.15,27.35,1,0.677,2,27664.39,9.19,0.371,1
45,48797.7,30874.64,11.79,3,0.372,2,9375.19,1.74,0.633,1
24,77105.69,21905.24,19.1,1,0.64,3,16004.52,6.0,0.284,1
30,90269.06,14565.98,13.19,0,0.205,3,17423.38,12.0,0.161,1
23,82276.01,0.0,13.41,3,0.243,2,17864.25,1.55,0.0,1
61,17405.46,15491.75,9.66,2,0.261,2,0.0,10.06,0.89,0
65,62768.63,24401.82,22.98,1,0.637,2,0.0,10.35,0.389,1
38,82631.02,14198.82,28.12,1,0.168,3,6935.69,8.35,0.172,1
56,31031.53,17729.06,28.25,3,0.34,3,18748.54,13.94,0.571,1
42,75919.43,15772.59,5.66,3,0.023,2,5264.6,8.65,0.208,0
54,74684.14,14139.53,26.3,0,0.352,3,9740.94,10.41,0.189,1
28,33334.02,18910.53,22.25,3,0.28,1,39527.57,10.0,0.567,1
60,78353.12,14727.67,7.96,3,0.06,3,0.0,4.05,0.188,1
64,65999.35,35319.47,2.48,2,0.497,2,4939.59,15.48,0.535,1
39,74308.4,0.0,8.41,0,0.522,0,36759.25,12.64,0.0,1
62,38741.13,11449.89,27.41,2,0.395,1,13464.82,7.63,0.296,1
61,63302.99,7556.93,19.18,0,0.128,0,5528.18,18.19,0.119,1
57,22492.67,20629.33,21.77,1,0.493,6,28025.23,13.78,0.917,1
26,15000.0,18925.74,8.09,2,0.439,0,14662.77,8.0,1.262,0
46,63098.23,37466.32,21.72,4,0.325,0,9820.3,16.69,0.594,1
54,84213.15,41413.7,1.33,1,0.589,0,16308.43,20.06,0.492,1
65,65564.61,8723.0,11.57,0,0.265,1,6102.69,24.32,0.133,1
26,58604.19,18006.0,18.99,1,0.305,1,1790.11,8.0,0.307,1
57,55874.25,20355.65,4.81,3,0.452,1,12636.84,21.86,0.364,1
53,39263.56,8426.24,24.78,2,0.468,1,1868.04,0.03,0.215,1
42,55119.06,25540.58,7.43,1,0.376,5,14128.32,13.26,0.463,1
41,69277.06,15125.91,19.74,1,0.587,3,18252.88,5.37,0.218,1
26,50425.11,5188.38,12.45,0,0.081,3,24236.73,2.35,0.103,1
26,76512.91,14645.18,18.08,3,0.801,0,27535.1,8.0,0.191,1
24,64311.45,6027.91,3.67,1,0.779,1,9131.16,6.0,0.094,1
50,66973.55,30439.76,1.0,1,0.52,1,19992.98,10.31,0.455,1
31,79550.58,40818.71,27.33,3,0.467,0,19910.28,13.0,0.513,0
50,48411.38,20937.83,8.45,3,0.35,1,17933.82,12.24,0.432,1
51,74506.37,19335.32,24.68,2,0.185,0,8246.49,10.93,0.26,1
44,51497.51,19829.22,29.98,1,0.591,3,1663.19,7.26,0.385,1
29,67469.32,32186.81,6.74,4,0.22,4,20024.02,9.56,0.477,1
23,45793.03,31928.39,8.32,2,0.193,1,0.0,5.0,0.697,0
51,39964.52,16612.16,20.05,2,0.768,0,10785.93,16.15,0.416,0
60,62021.02,21031.08,28.98,1,0.146,1,0.0,2.9,0.339,1
57,18525.6,25831.76,27.52,3,0.217,0,0.0,2.32,1.394,0
56,53482.12,4347.75,15.33,2,0.431,1,3474.39,16.5,0.081,1
44,24659.71,32551.3,23.96,2,0.297,2,27160.69,13.66,1.32,1
51,77143.15,38817.98,4.5,3,0.562,1,22257.3,10.76,0.503,1
26,83102.43,31980.39,29.33,1,0.291,0,7352.78,3.81,0.385,1
22,40993.07,3052.87,28.95,1,0.239,0,22752.44,4.0,0.074,1
40,69422.89,0.0,5.33,0,0.091,0,24651.48,19.74,0.0,1
48,79780.99,26504.62,9.33,1,0.524,1,12072.02,22.24,0.332,1
31,79854.32,8877.73,3.45,1,0.692,4,0.0,13.0,0.111,1
24,64717.92,21445.6,8.52,1,0.5,2,11505.05,1.5,0.331,1
35,76154.7,36421.78,24.57,3,0.631,2,12825.29,16.76,0.478,1
26,45714.71,10116.54,11.66,2,0.063,3,0.0,6.02,0.221,1
50,61828.69,13469.34,3.11,3,0.425,2,18404.56,7.88,0.218,0
58,49723.73,21320.68,10.6,0,0.294,2,17357.74,4.9,0.429,1
22,43856.66,2429.88,29.45,0,0.645,3,19340.51,4.0,0.055,1
35,60793.39,8905.73,19.08,2,0.919,1,17347.08,16.22,0.146,1
31,67645.67,18298.29,12.78,5,0.138,1,22758.12,13.0,0.271,1
28,85597.19,14394.54,5.41,3,0.428,3,11848.06,10.0,0.168,1
46,65833.42,25300.89,29.59,4,0.674,0,16421.42,5.92,0.384,1
65,74122.47,51191.76,24.72,0,0.055,3,9227.12,11.12,0.691,1
64,74372.23,19189.66,8.8,3,0.186,1,6986.01,15.83,0.258,1
25,119125.76,7899.46,2.57,2,0.655,0,30059.0,7.0,0.066,1
26,20179.29,35018.88,2.17,2,0.731,2,0.0,8.0,1.735,0
46,44865.45,0.0,4.05,2,0.112,3,24521.12,7.18,0.0,1
24,92429.23,1333.1,17.63,0,0.508,4,6553.51,6.0,0.014,1
39,52255.71,10858.76,27.9,2,0.301,1,4999.54,11.0,0.208,1
40,79487.67,14605.36,15.15,1,0.231,2,17138.93,16.75,0.184,1
53,65060.21,10571.13,25.37,2,0.55,0,0.0,11.39,0.162,1
40,106314.45,17621.85,13.65,2,0.151,1,4207.72,22.0,0.166,1
32,35512.8,21296.9,21.4,2,0.159,2,3810.32,4.48,0.6,1
21,86879.61,30827.51,22.09,5,0.367,5,11343.22,3.0,0.355,0
46,98490.79,19094.26,5.63,1,0.432,1,4350.35,14.41,0.194,1
34,37682.78,11256.65,11.16,1,0.689,2,33213.42,4.32,0.299,1
58,77223.15,30175.74,19.3,2,0.241,2,35564.2,1.65,0.391,1
57,38759.04,8187.41,2.59,4,0.214,3,0.0,19.98,0.211,0
31,60663.55,0.0,11.17,2,0.288,3,20531.87,3.94,0.0,1
56,54355.07,32471.47,16.28,3,0.276,3,24303.96,4.66,0.597,0
33,15000.0,31702.24,29.89,1,0.539,1,20515.82,15.0,2.113,0
63,69333.15,8492.42,14.5,0,0.405,0,6102.64,17.93,0.122,1
23,63153.46,13210.81,24.57,1,0.145,1,11070.85,5.0,0.209,1
53,92539.74,6996.87,13.25,0,0.445,2,5020.7,14.77,0.076,1
26,73445.16,21919.49,23.99,2,0.164,2,8956.83,8.0,0.298,1
30,110399.45,38784.59,18.06,2,0.526,1,0.0,12.0,0.351,1
25,62354.93,26434.58,26.65,4,0.063,1,12622.53,7.0,0.424,0
43,57678.34,30428.7,12.62,4,0.654,0,0.0,20.79,0.528,0
30,55944.15,27836.74,18.33,1,0.17,1,11598.39,5.29,0.498,1
64,50329.05,17998.57,19.09,1,0.514,4,0.0,16.01,0.358,1
22,15000.0,31000.09,12.81,1,0.53,1,16481.8,1.01,2.067,0
33,55155.72,26940.37,4.76,1,0.189,2,5846.97,1.72,0.488,0
60,15000.0,35273.35,3.26,0,0.495,1,17486.96,17.84,2.352,0
22,69944.73,12485.41,0.99,4,0.522,0,26978.97,0.61,0.179,1
40,32718.67,0.0,26.27,2,0.251,1,33073.36,14.49,0.0,1
21,40324.68,30543.01,7.48,3,0.627,1,0.0,3.0,0.757,0
57,45272.98,22197.23,6.74,1,0.338,2,3989.67,9.5,0.49,1
29,55491.43,14447.45,22.21,0,0.119,2,10362.97,1.12,0.26,1
37,60151.1,15118.17,9.94,1,0.233,1,19523.93,17.85,0.251,1
29,83858.55,48656.24,15.43,0,0.298,0,0.0,11.0,0.58,1
31,47294.34,10293.66,5.29,1,0.187,2,2214.89,13.0,0.218,1
35,70563.21,7760.36,28.81,2,0.126,0,15564.29,14.46,0.11,1
44,120079.08,19023.41,25.62,1,0.261,2,15018.66,5.75,0.158,1
58,68301.72,32165.89,25.98,2,0.478,2,18531.42,0.38,0.471,1
55,56029.22,45340.82,12.5,0,0.479,2,19324.11,17.37,0.809,1
50,42858.66,25888.38,22.99,2,0.217,2,18063.13,5.78,0.604,1
51,55724.71,2755.1,4.74,3,0.157,0,16323.86,21.45,0.049,1
25,40503.15,41650.37,0.75,1,0.262,3,14668.88,7.0,1.028,1
64,65910.55,17766.38,1.09,2,0.385,4,21977.16,13.27,0.27,1
34,62277.97,7947.49,17.8,0,0.14,2,0.0,16.0,0.128,1
31,15000.0,5047.29,13.93,2,0.308,1,32532.0,13.0,0.336,1
29,59591.72,28035.94,15.78,1,0.356,3,0.0,11.0,0.47,1
54,83675.22,20865.95,0.72,3,0.401,0,1050.06,23.46,0.249,1
32,51219.54,22140.9,12.97,2,0.357,2,11278.87,14.0,0.432,1
55,45636.27,33438.04,21.68,3,0.712,2,22071.35,23.67,0.733,0
55,29690.58,8374.14,13.56,1,0.609,1,0.0,20.6,0.282,1
21,19124.18,34393.86,22.1,2,0.859,1,13662.51,3.0,1.798,0
60,78289.68,11770.11,7.37,2,0.163,0,23508.74,16.58,0.15,1
42,56007.48,43968.09,24.49,1,0.135,2,25934.22,2.59,0.785,1
49,76984.47,25184.87,17.86,1,0.38,3,5632.04,6.79,0.327,1
28,93689.12,6957.14,6.72,0,0.181,2,10389.98,0.14,0.074,1
31,80267.45,0.0,7.48,3,0.432,1,6606.22,3.44,0.0,1
61,48067.81,27707.1,19.03,3,0.271,1,9287.9,10.98,0.576,0
57,63187.09,13509.84,24.98,1,0.105,1,1618.08,3.66,0.214,1
34,46475.0,16133.21,12.76,1,0.494,1,3328.97,16.0,0.347,1
50,44417.65,27194.35,8.12,2,0.725,5,19212.52,20.14,0.612,1
55,67541.93,30124.97,26.08,0,0.319,2,15579.38,1.79,0.446,1
41,41689.53,32684.52,20.24,2,0.355,1,19899.04,6.22,0.784,0
57,15000.0,3901.9,13.72,2,0.426,1,16568.17,20.48,0.26,1
25,40460.75,35110.74,14.89,3,0.438,4,22452.06,7.0,0.868,0
39,53248.61,11051.46,6.53,1,0.657,1,24538.57,21.0,0.208,1
34,93470.77,0.0,18.99,3,0.392,1,0.0,16.0,0.0,1
46,49199.38,3858.72,11.08,2,0.836,1,3748.28,24.41,0.078,1
24,71262.33,20616.3,29.87,1,0.532,1,11223.49,6.0,0.289,1
45,56297.22,6254.23,14.67,2,0.147,2,13727.87,6.26,0.111,1
65,86980.91,16943.47,14.83,3,0.278,0,5958.91,18.96,0.195,1
62,85456.12,22059.03,17.19,1,0.225,1,24944.28,7.48,0.258,1
45,85875.85,15823.38,27.54,6,0.866,2,37759.38,20.16,0.184,0
38,21852.36,12067.75,24.12,3,0.302,0,16233.94,13.35,0.552,1
60,64547.93,2991.65,13.81,3,0.631,3,15012.09,19.85,0.046,1
28,76696.65,18263.33,21.7,2,0.176,2,24193.48,6.9,0.238,1
59,68393.85,0.0,17.79,3,0.384,1,0.0,12.7,0.0,1
60,74005.12,9768.02,15.02,2,0.282,0,14341.63,14.1,0.132,1
34,61283.72,6866.59,6.17,2,0.522,1,25748.43,16.0,0.112,1
52,43614.75,15127.48,14.19,2,0.503,1,6282.15,6.66,0.347,1
58,22663.86,15440.04,7.75,2,0.436,2,0.0,23.42,0.681,0
53,45797.47,29519.48,27.49,2,0.631,1,11770.33,20.12,0.645,1
43,118918.42,37001.73,10.39,1,0.496,3,13271.77,18.27,0.311,1
35,49315.67,4586.65,28.59,0,0.32,1,3096.17,17.0,0.093,1
53,16893.42,41913.99,16.23,3,0.477,4,39153.94,15.14,2.481,0
45,76118.29,8648.45,19.13,3,0.194,0,8255.64,6.1,0.114,1
37,78820.12,20070.32,16.52,3,0.449,0,156.09,4.74,0.255,1
53,88321.14,24130.36,4.32,1,0.447,1,12876.54,21.66,0.273,1
22,70361.53,47334.99,11.59,2,0.323,1,24894.33,4.0,0.673,1
34,78603.23,11492.61,3.42,0,0.067,1,14208.97,5.33,0.146,1
60,100484.78,0.0,18.88,1,0.626,5,19827.13,15.38,0.0,1
60,43599.58,35884.55,13.68,2,0.675,0,3541.87,11.19,0.823,1
59,39235.28,7999.52,23.45,0,0.769,1,31852.26,3.97,0.204,1
26,35919.1,13660.94,7.0,2,0.264,0,20740.53,8.0,0.38,1
26,54153.07,4587.0,5.35,4,0.435,0,26572.42,7.04,0.085,1
23,91535.29,13695.55,12.49,3,0.601,3,18381.93,2.41,0.15,1
27,71617.5,7915.3,27.83,3,0.639,2,23898.61,9.0,0.111,1
28,70751.22,26117.3,21.46,5,0.69,2,3523.37,10.0,0.369,0
62,19975.23,18969.5,12.86,3,0.113,1,8103.07,1.17,0.95,0
35,44749.89,9827.34,15.76,3,0.354,0,30157.77,10.05,0.22,1
49,19615.53,29950.46,2.98,2,0.259,2,32716.9,6.44,1.527,0
53,85767.41,21059.96,29.54,1,0.559,2,235.21,0.77,0.246,1
50,94884.22,0.0,20.16,2,0.131,1,16996.83,3.14,0.0,1
59,77150.47,29036.44,8.92,1,0.261,1,8828.67,3.48,0.376,1
47,38290.71,20218.41,17.78,0,0.611,3,5635.62,4.57,0.528,1
56,92604.49,34688.79,3.73,2,0.272,2,17418.08,20.08,0.375,1
49,54428.39,19487.01,28.99,4,0.381,4,27691.56,10.99,0.358,1
58,33281.9,8499.49,5.66,2,0.116,1,19419.95,3.68,0.255,1
53,38783.11,15548.46,19.62,3,0.323,3,10165.85,2.51,0.401,0
57,50536.55,27647.03,7.74,0,0.419,2,20178.33,7.45,0.547,0
47,61090.73,8751.16,21.67,0,0.485,0,9680.29,19.95,0.143,1
53,56450.43,12716.44,23.42,2,0.169,0,18945.37,9.11,0.225,1
24,28921.29,15339.74,20.37,4,0.375,3,30757.59,4.0,0.53,0
42,86692.96,4207.54,18.63,2,0.432,4,0.0,10.1,0.049,1
22,56686.67,8924.12,26.83,1,0.335,1,23567.03,4.0,0.157,1
30,44297.42,20070.6,2.82,1,0.258,3,0.0,0.74,0.453,0
25,84426.65,32429.73,10.26,2,0.167,2,28739.93,7.0,0.384,1
30,33965.06,21805.76,7.82,1,0.429,1,6355.69,9.88,0.642,0
53,24164.42,17449.66,29.65,1,0.439,4,0.0,0.24,0.722,1
58,87994.72,8024.75,11.99,2,0.564,2,22343.23,16.85,0.091,1
33,101610.53,31141.92,22.11,2,0.219,0,18370.04,15.0,0.306,1
51,49833.89,23202.07,20.7,1,0.531,2,2009.76,15.72,0.466,1
56,58988.66,9519.24,6.76,0,0.114,1,0.0,8.55,0.161,1
65,34773.38,28783.78,7.55,1,0.175,4,11750.22,13.24,0.828,1
44,60120.84,24714.92,8.8,2,0.548,1,0.0,9.68,0.411,1
35,49534.48,8237.64,12.63,2,0.306,1,1262.32,17.0,0.166,1
49,57753.17,16783.46,7.41,1,0.491,2,15387.45,14.59,0.291,1
28,69003.68,12086.73,1.08,0,0.725,1,2409.54,2.04,0.175,0
25,35840.8,49602.46,26.44,3,0.609,2,19118.47,7.0,1.384,0
49,52040.15,24380.94,28.99,4,0.223,4,31881.72,17.18,0.469,1
24,20316.81,20241.14,10.58,1,0.357,2,12217.34,6.0,0.996,0
32,52190.28,23671.96,10.49,3,0.826,3,15561.81,14.0,0.454,0
65,57944.45,34549.95,0.71,4,0.194,2,38217.16,21.08,0.596,1
22,65037.61,16999.44,20.57,1,0.599,0,0.0,4.0,0.261,1
47,65270.68,10921.09,24.85,3,0.358,2,28294.82,22.61,0.167,1
51,79886.3,28131.4,4.82,2,0.793,1,26850.29,11.02,0.352,0
56,26127.34,15900.67,5.21,1,0.347,2,24251.81,18.09,0.609,0
56,27301.91,5161.26,23.81,2,0.314,2,29500.97,20.35,0.189,1
46,71637.07,2823.76,18.68,1,0.526,0,17366.9,12.63,0.039,1
63,15142.85,36351.56,1.82,3,0.617,2,7004.85,9.98,2.401,0
47,64032.6,19579.73,18.87,2,0.352,3,27134.88,22.89,0.306,1
25,34033.56,10925.19,9.61,1,0.284,2,27594.11,5.77,0.321,1
40,94601.92,15187.98,11.38,2,0.66,0,27263.77,6.42,0.161,1
31,65509.95,27689.34,23.21,3,0.317,3,14534.02,9.04,0.423,0
30,55178.57,14479.13,24.42,2,0.484,2,5405.67,12.0,0.262,1
60,87009.86,606.96,12.31,1,0.185,3,16296.35,23.47,0.007,1
58,36605.16,21910.09,28.44,2,0.236,3,25306.76,5.5,0.599,1
26,40784.99,32500.17,12.49,4,0.485,1,26292.22,8.0,0.797,0
28,32247.99,31697.57,23.27,5,0.214,2,8843.89,6.46,0.983,0
43,40969.14,11288.04,14.77,2,0.138,0,17784.47,24.27,0.276,1
46,61344.54,33230.07,26.98,0,0.405,2,0.0,14.94,0.542,0
63,70866.94,20555.4,27.28,2,0.831,1,25819.4,0.18,0.29,1
32,81151.28,32893.77,3.08,4,0.238,4,4600.29,0.85,0.405,1
46,19856.07,24884.24,28.13,1,0.508,1,23423.06,3.69,1.253,0
33,56219.01,0.0,24.85,4,0.53,2,208.35,4.69,0.0,1
60,35620.38,38960.87,23.84,1,0.257,1,26376.99,19.19,1.094,1
38,55483.68,18621.41,6.43,0,0.193,3,17862.02,5.57,0.336,0
45,111351.6,24921.53,24.25,1,0.211,1,4623.71,24.23,0.224,1
53,66420.96,1871.46,25.58,2,0.307,2,22296.28,15.9,0.028,1
60,79788.23,24063.92,9.03,2,0.52,2,6915.66,17.31,0.302,1
63,103135.21,31235.13,28.59,2,0.17,3,22994.66,5.45,0.303,1
32,84801.88,41223.84,1.97,3,0.66,1,10710.66,14.0,0.486,1
64,50145.88,34804.8,4.92,4,0.363,2,0.0,16.7,0.694,1
56,31931.69,24650.7,16.36,2,0.322,3,2211.01,21.61,0.772,1
24,59336.83,0.0,17.49,0,0.353,1,8835.02,6.0,0.0,1
25,47510.47,19587.27,19.53,2,0.343,2,30418.27,3.14,0.412,1
57,26460.53,10889.89,1.0,2,0.501,1,24813.72,2.41,0.412,1
28,65300.35,20819.73,28.83,1,0.351,3,33486.34,10.0,0.319,1
62,65849.5,3404.09,1.82,1,0.663,3,33843.62,21.65,0.052,1
48,98920.57,15478.0,4.72,1,0.478,3,7582.99,14.59,0.156,1
51,52041.21,11793.8,0.91,1,0.047,1,11738.16,9.15,0.227,1
29,66162.67,11422.0,17.22,2,0.299,3,9064.64,11.0,0.173,1
49,45359.32,11541.17,28.0,1,0.526,1,5941.87,7.64,0.254,1
34,79209.73,16369.74,20.15,1,0.401,3,0.0,5.96,0.207,1
60,57258.41,21434.34,24.77,3,0.559,4,13823.03,12.2,0.374,1
61,34202.98,0.0,0.89,4,0.468,1,0.0,5.4,0.0,0
42,59703.62,0.0,16.49,4,0.457,0,13589.94,12.09,0.0,1
31,68591.5,13935.7,14.06,2,0.221,0,39389.25,13.0,0.203,1
43,65616.01,15626.77,15.22,2,0.547,2,7887.86,20.99,0.238,1
21,83009.73,20269.33,2.63,0,0.332,3,16337.29,3.0,0.244,1
57,28142.76,9267.93,20.69,1,0.213,1,24879.78,20.16,0.329,1
41,41459.66,18113.58,15.35,0,0.075,0,17363.5,8.87,0.437,1
46,74075.32,19518.28,23.07,1,0.441,0,17509.81,20.3,0.263,1
56,44044.08,9185.3,14.82,1,0.46,1,9651.17,23.07,0.209,0
43,65290.37,30161.47,4.91,3,0.325,1,11217.46,23.68,0.462,0
21,15000.0,20123.84,19.62,2,0.599,1,2479.87,3.0,1.342,0
60,119750.82,24563.53,5.59,1,0.351,0,24152.54,5.28,0.205,1
35,54066.19,18826.15,26.24,1,0.082,5,0.0,0.99,0.348,1
41,86267.04,43244.08,18.59,3,0.687,2,25653.06,3.68,0.501,0
29,52588.25,25156.76,5.14,0,0.657,2,0.0,11.0,0.478,1
29,69123.37,12144.08,28.89,6,0.405,1,25551.29,11.0,0.176,1
30,92822.23,27851.6,15.79,2,0.047,1,9754.19,12.0,0.3,1
46,85647.73,0.0,2.65,3,0.519,1,0.0,11.63,0.0,1
61,55501.99,19435.2,18.99,3,0.337,2,20951.58,16.52,0.35,1
55,57024.4,21829.92,7.97,0,0.26,0,25145.21,0.6,0.383,1
45,82078.46,19572.25,24.21,2,0.595,1,8743.06,6.25,0.238,1
46,111331.38,13994.65,24.63,2,0.115,0,22647.33,10.91,0.126,1
31,64230.22,5852.72,29.38,1,0.399,0,0.0,13.0,0.091,1
58,103055.4,8527.84,15.31,2,0.366,3,0.0,4.29,0.083,0
22,54688.88,19224.9,13.92,1,0.099,0,29508.91,4.0,0.352,1
27,80943.13,4637.77,22.73,2,0.453,2,11315.97,9.0,0.057,1
38,84225.43,39242.01,4.41,2,0.327,3,0.0,20.0,0.466,1
47,50980.87,0.0,16.63,4,0.517,2,5613.61,2.45,0.0,0
54,43564.28,14118.75,16.61,1,0.103,2,2919.19,16.99,0.324,1
47,85198.56,19324.68,3.14,2,0.44,0,12008.46,7.33,0.227,1
37,48305.75,24089.05,12.83,2,0.54,3,9550.99,19.0,0.499,1
63,40324.3,7008.9,25.67,2,0.557,0,16147.18,10.05,0.174,1
64,44952.89,31611.54,25.76,3,0.097,1,13166.41,16.63,0.703,0
44,48216.51,1274.03,3.43,3,0.224,2,30316.87,23.36,0.026,1
45,78845.58,11206.46,3.18,0,0.274,2,19094.58,0.52,0.142,1
27,71330.94,25448.97,8.25,2,0.505,1,19492.06,0.28,0.357,1
26,75744.48,30482.26,26.31,2,0.404,1,27981.89,8.0,0.402,1
44,69270.36,1151.98,4.3,3,0.275,0,9334.77,16.16,0.017,1
53,46935.52,49740.44,21.74,3,0.742,4,0.0,7.32,1.06,0
49,75336.26,7230.1,3.48,1,0.138,3,28483.64,12.36,0.096,1
63,86013.98,2253.81,18.88,1,0.269,2,15630.1,1.05,0.026,1
42,72859.07,24032.58,11.0,1,0.469,2,15672.21,4.81,0.33,1
46,69892.43,13820.48,23.77,0,0.468,4,6400.04,10.61,0.198,1
48,43124.8,12047.37,7.39,0,0.517,2,6597.74,20.85,0.279,1
41,64659.98,25147.73,19.36,0,0.37,2,24160.67,11.99,0.389,1
27,41954.69,0.0,7.45,2,0.432,1,25815.87,9.0,0.0,1
37,59471.39,0.0,21.55,5,0.098,2,23405.88,19.0,0.0,1
40,23914.13,10830.92,26.27,4,0.225,1,23515.54,7.72,0.453,1
61,24083.72,30934.82,4.24,2,0.233,3,20828.35,17.52,1.284,1
40,55796.95,11351.34,26.06,3,0.446,4,15578.27,21.54,0.203,1
42,47934.33,37189.88,18.01,2,0.182,2,11895.44,5.07,0.776,1
48,62349.32,32412.18,4.25,0,0.491,2,28523.89,8.91,0.52,1
60,57035.09,21395.35,13.11,0,0.29,0,9515.35,24.5,0.375,1
27,60664.2,22076.69,5.25,1,0.443,0,18439.75,9.0,0.364,0
21,73389.36,21384.03,21.16,2,0.261,0,4351.84,3.0,0.291,1
52,49808.08,19916.61,22.89,1,0.349,3,6088.41,1.66,0.4,1
33,55172.24,13605.1,3.62,1,0.357,2,11166.15,6.77,0.247,1
50,92010.47,14997.75,15.43,0,0.311,2,4352.74,9.94,0.163,1
43,60067.85,5160.48,24.53,2,0.708,0,23574.22,11.03,0.086,1
39,56057.37,0.0,28.12,1,0.53,4,0.0,15.47,0.0,1
52,61815.28,31248.85,15.65,2,0.373,3,15190.76,22.49,0.506,1
50,56449.98,19887.1,28.53,2,0.387,1,15590.1,8.26,0.352,1
49,44389.41,18074.54,16.3,2,0.309,2,0.0,21.25,0.407,1
65,38043.34,22781.39,12.13,1,0.51,2,8707.71,2.34,0.599,1
49,43204.51,8059.23,25.52,0,0.17,3,17068.39,1.05,0.187,1
50,79204.22,5987.25,15.04,1,0.664,0,19144.74,12.6,0.076,1
36,46142.08,14595.78,14.42,0,0.29,0,11548.31,1.49,0.316,1
60,56591.66,34417.18,14.96,4,0.199,1,22122.66,9.81,0.608,1
39,75416.2,3975.11,25.48,2,0.554,5,12688.2,21.0,0.053,0
38,53875.39,0.0,25.04,1,0.097,2,14163.83,6.04,0.0,1
21,73933.95,11743.19,12.4,5,0.706,0,17019.85,3.0,0.159,0
34,26102.55,31712.4,10.33,1,0.287,2,25124.0,7.56,1.215,0
22,57084.63,0.0,15.01,2,0.584,3,5891.38,1.12,0.0,0
48,61735.71,3836.6,17.4,3,0.461,0,8158.14,13.92,0.062,1
50,60509.05,21162.56,7.53,1,0.394,2,5973.24,20.87,0.35,1
58,23635.79,48838.88,23.92,1,0.612,3,10013.63,10.24,2.066,0
24,86468.48,1701.46,14.85,2,0.267,2,31114.81,6.0,0.02,1
21,41197.2,1236.79,10.35,1,0.535,8,20872.7,3.0,0.03,1
28,67370.82,22064.38,3.65,1,0.471,2,426.92,10.0,0.328,0
49,60175.21,32456.09,7.55,2,0.379,1,6794.64,4.85,0.539,1
59,82081.61,10510.82,28.5,0,0.288,1,18473.21,18.33,0.128,1
23,108124.75,0.0,9.5,3,0.06,0,3121.91,5.0,0.0,1
52,31611.98,23204.99,5.48,1,0.35,0,5295.92,18.65,0.734,1
30,45723.89,25378.1,14.09,1,0.513,0,30139.52,12.0,0.555,1
30,64160.03,39343.86,9.56,1,0.339,1,6639.49,3.2,0.613,1
39,35682.23,25883.37,1.54,3,0.389,1,25456.0,14.25,0.725,0
54,77208.02,27936.79,10.03,3,0.173,3,29063.88,12.3,0.362,1
53,78554.2,14854.26,16.55,1,0.076,1,5198.45,12.95,0.189,1
43,72307.88,47298.05,16.78,2,0.282,1,3320.45,21.97,0.654,1
48,65204.8,13222.3,11.02,1,0.537,1,10686.41,22.37,0.203,1
52,90133.59,10656.93,13.7,3,0.412,0,936.47,11.34,0.118,1
27,34576.24,39714.18,28.98,0,0.214,2,15452.41,9.0,1.149,1
49,61435.9,309.15,11.63,3,0.122,4,11532.18,12.88,0.005,1
28,43746.34,0.0,8.12,2,0.651,2,18326.96,10.0,0.0,0
21,79578.16,19434.68,7.68,0,0.349,2,30763.32,3.0,0.244,1
23,19666.49,17979.16,14.0,2,0.391,1,23809.82,5.0,0.914,0
44,59382.15,15265.34,22.91,1,0.533,1,19870.88,6.94,0.257,1
43,67375.25,29927.16,6.58,1,0.039,1,0.0,13.29,0.444,1
28,39155.17,7101.53,21.42,3,0.286,1,19320.51,10.0,0.181,1
57,46223.82,18770.01,1.12,3,0.162,2,34671.53,15.99,0.406,1
23,60338.34,13678.73,12.86,4,0.189,2,0.0,5.0,0.227,1
53,81012.12,7305.38,23.39,3,0.281,2,22272.59,4.44,0.09,1
48,37276.88,17257.92,10.49,0,0.34,5,12087.7,0.84,0.463,0
28,41114.1,28231.15,17.13,1,0.517,4,3802.46,8.45,0.687,1
54,84762.93,43446.82,6.55,1,0.528,5,23613.54,10.69,0.513,1
55,53994.54,24953.03,22.39,2,0.278,3,34516.47,1.55,0.462,1
52,42894.14,0.0,2.04,2,0.477,2,23302.77,20.37,0.0,0
44,76031.07,17542.32,25.65,1,0.27,1,9545.7,8.6,0.231,1
34,49259.67,18597.63,6.35,4,0.608,2,2678.36,16.0,0.378,1
52,82603.27,29234.51,26.29,0,0.525,3,15735.53,3.86,0.354,1
63,45398.15,20217.72,10.9,2,0.15,0,24478.03,1.42,0.445,1
36,56488.92,33037.07,21.82,1,0.374,2,9355.36,12.06,0.585,1
24,80789.38,22700.05,9.92,0,0.156,4,10515.4,4.73,0.281,0
57,55022.26,36705.58,27.22,4,0.441,1,47864.0,23.43,0.667,0
41,76633.17,12735.05,4.24,1,0.874,2,26943.82,0.26,0.166,1
34,58557.95,19732.12,5.77,2,0.241,1,27801.54,10.32,0.337,1
51,103597.22,27919.7,15.04,0,0.405,6,0.0,23.17,0.27,1
38,94513.13,11133.67,2.92,2,0.382,0,5513.74,9.61,0.118,1
27,30781.88,8519.85,6.28,3,0.26,1,14896.18,2.33,0.277,1
30,71489.36,10447.77,28.34,2,0.5,2,1986.35,7.57,0.146,1
27,42039.11,9009.41,29.31,2,0.871,2,33204.77,9.0,0.214,0
53,64213.15,24270.74,11.6,1,0.308,4,30923.75,4.63,0.378,1
43,61504.15,0.0,27.74,2,0.298,0,7597.46,11.66,0.0,1
41,36781.49,0.0,16.57,1,0.668,2,35407.02,20.91,0.0,1
39,83286.66,40352.96,8.46,4,0.33,2,13948.97,21.0,0.485,0
39,64472.66,9298.84,21.22,2,0.452,1,45072.68,1.23,0.144,1
56,53736.97,20400.18,19.94,2,0.14,0,15736.23,4.02,0.38,1
49,50361.58,130.24,29.68,2,0.313,0,20914.31,6.88,0.003,1
38,63075.09,19129.49,8.32,3,0.121,1,30798.84,14.87,0.303,0
22,68974.35,9371.92,20.33,1,0.253,3,29331.6,4.0,0.136,0
21,57250.53,0.0,2.03,4,0.258,3,20128.78,3.0,0.0,0
25,15000.0,34043.05,3.85,1,0.425,0,12306.32,7.0,2.27,0
40,60371.6,32190.79,0.62,0,0.543,2,20169.59,2.51,0.533,1
31,28287.39,16711.74,29.98,1,0.455,2,4205.79,13.0,0.591,1
62,55392.04,29993.03,24.17,0,0.087,1,15825.6,2.83,0.541,1
22,29099.59,40839.51,23.71,1,0.209,2,688.31,4.0,1.403,0
23,28837.05,27048.91,15.54,3,0.307,3,0.0,4.45,0.938,0
43,87172.68,23756.16,9.35,2,0.381,3,14605.12,4.33,0.273,1
32,52957.98,20387.4,4.96,0,0.072,0,29147.33,14.0,0.385,1
40,51273.43,25793.97,8.9,4,0.633,1,25109.66,14.09,0.503,1
25,70615.53,13632.97,11.59,2,0.267,0,13017.05,4.4,0.193,1
57,51847.01,14680.37,22.81,2,0.22,4,34963.88,24.75,0.283,1
58,106283.73,23410.7,16.42,4,0.407,1,7171.26,10.55,0.22,1
50,53993.57,12313.62,2.79,3,0.112,1,0.0,2.43,0.228,0
29,68032.76,13610.4,1.03,1,0.15,2,0.0,3.01,0.2,1
54,81360.71,18002.24,3.52,3,0.377,1,0.0,14.6,0.221,1
64,95249.57,31807.29,12.61,3,0.371,1,23799.5,24.48,0.334,1
55,43675.87,4408.03,28.03,1,0.592,3,6382.37,14.3,0.101,1
42,50804.8,27110.14,19.3,0,0.107,2,19531.5,23.73,0.534,1
64,88041.02,27501.56,24.15,2,0.662,5,33755.4,11.1,0.312,1
44,77821.37,27429.74,14.26,4,0.353,1,798.84,10.9,0.352,1
37,83653.87,8319.04,11.17,0,0.264,2,19742.0,12.5,0.099,1
30,29888.5,0.0,3.7,2,0.341,0,20467.56,12.0,0.0,1
50,94055.99,24716.41,26.34,4,0.715,5,3671.14,9.19,0.263,1
43,43249.03,20250.47,23.6,3,0.324,1,30250.53,21.6,0.468,1
52,64230.45,30052.52,5.46,2,0.465,1,10547.52,0.73,0.468,0
37,56739.1,9593.56,15.61,5,0.158,1,9394.96,10.99,0.169,0
37,40673.38,27121.42,14.88,1,0.282,3,39339.36,12.77,0.667,1
34,28924.21,30652.95,18.94,1,0.557,3,20273.2,15.18,1.06,0
29,21635.34,16856.28,28.41,1,0.242,1,25103.49,6.9,0.779,1
60,62618.4,23003.15,17.6,1,0.53,1,30258.72,10.69,0.367,1
22,26442.98,22583.6,16.44,1,0.324,0,6194.31,4.0,0.854,0
65,35056.06,8142.37,1.98,0,0.743,5,28997.85,17.17,0.232,1
45,55203.21,24373.16,2.36,2,0.699,0,7977.27,19.34,0.442,1
59,15000.0,37469.98,6.03,2,0.464,1,7464.52,18.45,2.498,0
29,77137.55,18266.45,1.46,1,0.156,2,10736.0,8.54,0.237,1
42,15000.0,468.9,22.43,3,0.079,2,6535.22,24.0,0.031,1
63,58297.81,9753.28,21.84,2,0.131,4,23865.88,21.22,0.167,1
24,60330.42,0.0,4.51,3,0.257,1,17206.53,6.0,0.0,1
46,71837.36,33483.13,25.16,3,0.55,3,8105.31,4.88,0.466,1
49,59083.02,27169.26,5.07,0,0.202,0,22094.06,7.85,0.46,1
65,104393.98,11983.57,9.38,1,0.444,2,10697.81,11.31,0.115,1
54,64758.97,983.28,7.84,4,0.279,1,10063.16,21.27,0.015,1
43,83179.47,8000.46,11.48,1,0.43,1,14584.21,19.46,0.096,1
57,44083.82,10340.68,8.01,2,0.394,1,19561.52,21.28,0.235,1
31,62656.65,19312.89,14.92,3,0.267,5,18678.17,6.8,0.308,1
26,94046.54,18909.11,12.52,1,0.106,1,9641.01,8.0,0.201,1
38,54770.71,34097.18,29.6,1,0.296,3,24165.33,7.08,0.623,1
41,64229.16,9686.94,2.15,4,0.432,3,11331.27,2.73,0.151,0
62,81578.78,0.0,4.69,5,0.309,1,6140.19,17.1,0.0,1
56,43670.95,4116.26,2.06,1,0.189,2,0.0,3.57,0.094,1
61,15000.0,17723.7,18.96,1,0.271,3,25798.14,16.69,1.182,1
58,65622.62,9255.86,2.11,5,0.688,0,14148.68,16.2,0.141,0
54,81750.72,14495.9,25.17,0,0.448,0,16530.47,20.26,0.177,1
37,30268.19,12551.6,15.6,2,0.345,1,26549.63,3.49,0.415,0
57,74744.84,29882.86,16.05,1,0.147,3,8271.13,19.59,0.4,1
45,74893.26,10956.41,17.07,2,0.508,0,0.0,24.98,0.146,1
58,15000.0,13471.9,5.54,2,0.541,1,14837.37,21.28,0.898,0
32,39401.65,26607.4,6.33,1,0.563,0,17695.54,14.0,0.675,1
43,51291.77,11220.22,9.91,3,0.326,5,10845.81,16.55,0.219,1
62,56048.27,23078.55,18.01,2,0.757,2,31684.85,10.54,0.412,1
42,43651.05,21977.82,6.7,2,0.502,1,0.0,18.26,0.503,0
41,42465.94,19701.19,3.93,1,0.249,6,27440.68,18.1,0.464,1
47,96772.62,4387.24,29.12,1,0.221,2,23493.84,15.79,0.045,1
51,57633.7,32757.29,1.15,0,0.296,1,19481.25,19.91,0.568,1
26,44709.04,44648.21,24.18,2,0.312,3,0.0,8.0,0.999,1
47,59094.27,18105.94,23.75,1,0.214,3,29406.67,3.03,0.306,1
60,71816.0,5443.74,9.27,4,0.612,2,1682.79,13.98,0.076,0
54,61135.78,18349.23,4.5,3,0.209,2,7907.7,6.63,0.3,1
32,55473.99,29878.32,4.8,2,0.395,0,11952.89,9.61,0.539,1
65,45699.63,10617.75,21.07,0,0.516,2,18889.02,0.44,0.232,1
27,45433.12,16453.21,19.46,2,0.323,2,21673.14,9.0,0.362,1
30,46848.22,22087.85,23.59,2,0.41,2,24714.09,12.0,0.471,1
65,67453.92,32436.57,28.16,4,0.597,3,23790.24,13.57,0.481,1
37,38128.04,27305.08,20.91,1,0.094,1,17035.13,0.25,0.716,1
46,68651.92,27802.42,5.1,1,0.228,1,18991.07,11.75,0.405,1
41,91085.88,12884.78,7.68,2,0.619,1,910.96,7.29,0.141,1
48,67165.56,22823.03,25.34,6,0.06,2,4987.68,11.94,0.34,1
22,51869.12,9336.44,6.67,1,0.526,2,24745.52,4.0,0.18,1
63,31441.21,28146.31,2.64,0,0.793,1,24046.51,23.3,0.895,0
21,94718.35,31814.64,21.25,1,0.088,0,22685.59,1.03,0.336,1
56,34259.61,24640.36,12.37,1,0.218,2,7827.0,17.09,0.719,1
46,78668.36,13591.07,27.64,0,0.61,0,24925.91,21.28,0.173,1
49,74047.39,15555.27,19.68,1,0.238,0,65.07,23.98,0.21,1
41,54791.09,39678.19,3.17,1,0.289,3,26928.32,4.44,0.724,1
31,54214.47,13791.47,28.46,4,0.492,0,10869.55,13.0,0.254,1
60,19614.35,30599.93,8.13,5,0.349,1,34210.04,1.09,1.56,0
31,67261.43,22066.7,10.45,1,0.225,1,0.0,12.48,0.328,1
56,73638.38,13990.36,12.37,0,0.328,3,35160.85,3.14,0.19,1
59,36040.24,1864.21,2.01,1,0.126,1,9662.43,20.95,0.052,1
60,56571.93,20539.2,15.15,1,0.073,2,9446.25,2.85,0.363,1
55,60832.96,19093.21,4.14,2,0.407,1,16338.07,12.83,0.314,1
54,72860.6,39678.42,12.33,0,0.315,2,5635.05,13.03,0.545,1
44,60083.67,7677.69,10.85,5,0.088,0,13132.05,24.29,0.128,1
42,24220.97,45537.22,23.3,2,0.22,1,5148.48,16.37,1.88,0
25,48341.37,22545.73,24.19,2,0.164,1,5587.24,7.0,0.466,1
53,64941.77,22533.95,5.03,1,0.587,1,19842.63,6.02,0.347,0
56,78513.62,10883.13,11.31,1,0.12,6,3181.21,3.21,0.139,1
40,46411.99,21776.48,11.51,0,0.512,2,4781.67,18.91,0.469,1
39,108128.3,23676.61,4.97,4,0.316,1,0.0,17.27,0.219,1
55,18321.59,29247.93,24.05,3,0.403,2,7952.83,15.25,1.596,0
63,47598.6,6260.13,21.36,2,0.422,4,29739.22,1.02,0.132,1
37,58173.26,34881.37,6.12,1,0.243,2,3848.8,19.0,0.6,0
65,55583.52,22336.99,11.32,4,0.696,2,5220.4,16.05,0.402,1
63,32892.87,25298.75,3.62,0,0.272,2,16327.06,24.1,0.769,1
54,69852.96,15348.69,19.03,3,0.361,1,9550.44,14.68,0.22,1
29,68164.07,6862.29,4.08,1,0.172,1,40737.85,7.6,0.101,1
46,61055.15,18872.7,29.59,0,0.474,0,12049.66,9.54,0.309,1
22,67300.56,20247.55,23.53,3,0.097,1,18022.62,4.0,0.301,1
29,50676.92,1374.86,12.01,2,0.329,1,25325.23,11.0,0.027,1
29,24418.02,27519.42,17.57,1,0.351,0,25094.93,11.0,1.127,1
60,44233.92,29958.3,27.38,3,0.256,3,16799.45,5.02,0.677,1
37,63455.2,9244.02,16.85,1,0.419,2,12066.47,3.96,0.146,1
21,63580.38,5728.98,5.65,1,0.597,4,38288.34,1.93,0.09,1
45,60910.34,14364.46,11.67,1,0.023,0,12802.88,22.8,0.236,1
63,72071.58,18286.74,25.37,0,0.416,0,8699.72,5.83,0.254,1
60,47214.79,14829.95,19.5,2,0.525,2,6249.81,8.6,0.314,1
62,60586.98,17268.99,19.7,1,0.148,1,0.0,7.01,0.285,1
45,72586.04,20657.73,26.07,1,0.357,3,23859.39,10.34,0.285,0
59,58132.42,1580.77,26.87,1,0.235,2,0.0,17.85,0.027,1
55,32646.87,2960.45,27.63,2,0.577,0,13931.33,21.76,0.091,1
23,38847.26,0.0,3.3,0,0.236,2,11541.67,4.56,0.0,1
57,78278.75,29310.54,16.55,4,0.43,2,40879.58,17.16,0.374,1
64,90634.39,18182.72,22.35,2,0.387,1,0.0,8.81,0.201,1
64,85856.23,30574.21,22.83,1,0.441,0,3186.76,24.51,0.356,1
50,65107.43,4347.14,18.4,0,0.481,0,12366.84,7.47,0.067,1
58,33531.08,18292.89,5.42,0,0.368,2,11629.65,0.18,0.546,0
54,59860.27,20577.92,24.02,3,0.415,2,7405.46,12.89,0.344,1
32,94369.61,11258.61,21.74,3,0.52,4,13028.15,3.77,0.119,1
39,73606.74,0.0,3.04,4,0.461,1,0.0,1.11,0.0,1
57,55435.49,38950.46,14.18,2,0.576,2,18286.31,17.46,0.703,0
64,73829.76,34791.4,5.63,0,0.154,2,0.0,18.31,0.471,1
37,32073.31,13416.81,10.46,2,0.428,0,13690.77,11.52,0.418,1
30,44695.23,24122.73,1.03,3,0.196,2,6795.72,12.0,0.54,0
32,36147.79,12182.51,12.31,2,0.551,0,26195.46,13.46,0.337,1
36,70330.58,6055.16,16.72,1,0.182,1,35063.73,15.75,0.086,1
44,75710.28,39927.14,18.78,1,0.595,0,10027.37,14.92,0.527,0
39,56615.83,0.0,20.07,2,0.38,3,30688.71,16.65,0.0,1
28,40795.55,14573.96,25.17,0,0.582,3,10206.6,4.99,0.357,1
51,59565.52,19011.89,6.86,1,0.68,3,2406.48,6.72,0.319,1
41,49295.24,37814.84,4.05,1,0.36,4,34950.84,11.0,0.767,1
37,42484.24,28759.06,25.62,3,0.325,0,20249.32,11.15,0.677,0
43,67457.86,0.0,5.12,2,0.434,0,14053.26,19.36,0.0,0
57,43324.17,17967.0,29.26,2,0.405,1,22246.13,9.18,0.415,1
36,25540.31,18252.72,25.35,2,0.354,2,17290.58,4.06,0.715,1
26,30429.48,15259.94,15.28,0,0.591,1,13169.37,6.29,0.501,0
28,24728.27,25437.71,29.45,2,0.555,3,0.0,5.37,1.029,1
45,65445.26,1090.72,3.37,3,0.162,0,10753.56,18.29,0.017,1
38,63308.92,13096.37,9.44,1,0.591,2,21479.07,11.76,0.207,1
45,62211.44,23745.82,19.33,1,0.058,2,12526.74,17.72,0.382,1
32,72930.1,26154.91,10.83,1,0.241,0,24827.91,10.41,0.359,1
35,86223.09,19793.03,27.89,1,0.443,1,18603.86,17.0,0.23,1
46,46970.14,14539.29,2.44,1,0.168,1,3462.36,24.59,0.31,1
61,68942.5,16560.7,16.71,1,0.395,0,0.0,16.75,0.24,1
65,25248.46,26884.89,17.93,3,0.547,1,12113.86,21.6,1.065,1
46,90331.61,18406.81,19.76,4,0.574,2,7709.26,12.7,0.204,1
52,32613.71,5497.83,8.04,1,0.353,1,18035.86,23.37,0.169,1
30,44378.22,3198.03,11.25,3,0.413,2,5382.35,12.0,0.072,1
36,46850.39,124.35,25.39,0,0.708,3,6615.29,18.0,0.003,1
27,26422.04,35466.97,6.25,3,0.211,0,26636.84,9.0,1.342,1
37,60716.66,27689.54,24.89,1,0.46,3,15778.44,19.0,0.456,1
43,64705.89,16722.15,17.1,2,0.284,0,5567.28,13.57,0.258,0
46,55832.9,12554.49,22.98,3,0.459,2,14211.7,6.48,0.225,1
41,26114.55,11112.84,21.55,2,0.684,0,30546.93,8.87,0.426,1
42,103634.5,31118.85,6.62,1,0.194,2,17525.44,22.35,0.3,1
27,72083.08,40853.2,17.28,1,0.296,2,21115.41,1.4,0.567,1
34,117952.88,10735.28,26.1,1,0.331,4,4973.19,14.79,0.091,1
35,42287.6,31660.99,13.25,2,0.17,3,26317.03,9.31,0.749,1
27,81073.41,18336.15,29.01,2,0.097,2,41817.23,9.0,0.226,1
29,77144.03,15450.85,13.84,2,0.584,0,4502.39,11.0,0.2,1
28,53607.35,36050.57,4.71,3,0.339,2,0.0,10.0,0.672,1
43,91043.12,17878.01,11.99,5,0.624,3,16106.51,14.97,0.196,1
49,51080.98,21556.37,28.58,2,0.485,1,24506.06,6.82,0.422,1
38,52060.39,20979.29,9.93,2,0.213,1,12903.32,11.89,0.403,1
51,15000.0,0.0,26.11,1,0.223,2,1361.52,10.21,0.0,1
50,68998.62,21460.93,26.5,4,0.281,1,12696.99,8.84,0.311,1
59,30838.78,11247.7,10.83,2,0.268,2,21177.11,2.57,0.365,1
55,47884.13,946.16,2.96,2,0.416,0,9115.62,13.58,0.02,1
38,37423.17,11794.36,21.87,0,0.078,0,21287.06,7.55,0.315,0
62,51942.91,11695.33,9.69,1,0.456,1,27976.53,16.52,0.225,1
59,69765.37,30358.59,23.6,1,0.749,0,16882.77,7.98,0.435,1
37,60245.11,5234.52,13.56,1,0.546,1,13664.63,10.78,0.087,1
34,75612.11,8521.83,14.82,2,0.46,0,23952.13,1.31,0.113,1
51,87843.85,20824.66,23.45,3,0.168,1,3726.79,24.81,0.237,1
44,51886.49,2090.47,11.78,3,0.383,2,2543.48,12.69,0.04,1
55,49471.52,10091.92,13.57,4,0.419,3,10801.13,0.61,0.204,1
64,81070.01,0.0,11.6,3,0.425,1,8097.45,13.53,0.0,1
65,82815.04,29040.14,11.34,1,0.537,3,4359.9,21.76,0.351,1
54,76293.0,14383.64,16.02,3,0.394,0,35965.62,19.31,0.189,1
23,39052.07,17808.99,24.36,1,0.641,3,40063.92,5.0,0.456,0
57,69298.41,28992.12,11.17,1,0.79,2,9755.54,3.49,0.418,1
63,62408.35,9332.77,15.97,1,0.623,1,15100.63,16.44,0.15,1
60,83155.64,14256.16,20.29,1,0.276,3,11745.89,19.16,0.171,1
46,47396.81,5324.06,8.45,1,0.274,3,27289.99,14.31,0.112,1
43,23334.57,5297.96,8.69,4,0.688,2,29667.75,22.32,0.227,0
64,75185.21,6953.01,28.04,1,0.444,1,0.0,6.92,0.092,1
59,15000.0,12090.12,21.84,2,0.167,2,19712.13,6.05,0.806,0
35,43906.71,13382.45,17.53,2,0.121,1,0.0,17.0,0.305,1
24,37489.7,21463.59,19.61,1,0.477,2,35099.27,6.0,0.573,1
49,37341.44,7305.4,1.36,3,0.208,2,19282.98,0.04,0.196,1
42,43521.31,21835.59,18.73,3,0.142,1,4119.81,8.83,0.502,1
45,86782.22,23820.02,15.53,1,0.358,0,11104.14,21.45,0.274,1
33,78052.22,12386.13,16.6,2,0.337,6,10532.27,0.68,0.159,1
38,54461.92,8343.31,11.1,2,0.601,1,20301.36,0.08,0.153,1
53,84939.72,19020.95,2.9,5,0.483,0,26502.95,7.03,0.224,1
36,36629.46,15564.99,6.2,2,0.408,2,221.51,18.0,0.425,0
65,33637.77,20644.22,28.55,2,0.182,1,36065.05,22.54,0.614,1
62,78999.13,36838.4,12.56,4,0.665,5,33268.28,12.97,0.466,1
64,72752.15,18823.64,14.27,1,0.583,2,3496.12,13.83,0.259,1
22,49874.21,10329.23,2.05,4,0.812,1,14873.62,4.0,0.207,0
55,35019.86,7309.32,1.61,2,0.542,3,34529.7,6.09,0.209,1
62,92114.1,7773.58,21.66,0,0.328,0,28795.02,20.38,0.084,1
54,22157.74,446.8,16.37,6,0.234,1,9959.08,2.66,0.02,1
50,46834.63,29192.92,15.51,0,0.489,3,23772.08,12.18,0.623,0
33,65028.68,0.0,7.67,3,0.545,5,49966.38,15.0,0.0,0
33,99647.63,23857.26,22.47,1,0.088,2,15261.92,2.59,0.239,1
38,68428.2,7583.23,5.46,1,0.348,1,6408.22,12.99,0.111,1
52,70566.7,11851.14,6.1,2,0.091,2,16069.04,14.44,0.168,1
52,47473.56,7224.15,14.09,1,0.352,2,16958.63,18.56,0.152,1
55,72506.56,35350.38,8.95,1,0.586,1,7705.56,5.87,0.488,1
59,62316.81,18195.79,7.8,2,0.529,1,19299.5,7.33,0.292,0
49,25053.78,27484.54,19.53,3,0.055,3,0.0,14.24,1.097,0
49,77444.57,33606.32,19.7,0,0.443,2,6013.59,24.58,0.434,1
64,81348.65,19960.87,24.82,2,0.154,0,23098.94,5.44,0.245,1
36,77674.03,3652.51,12.82,2,0.185,2,0.0,18.0,0.047,1
64,60733.21,15352.29,2.66,4,0.488,3,24838.01,17.86,0.253,0
30,38964.11,9093.02,8.57,1,0.313,1,0.0,12.0,0.233,1
50,15000.0,11957.95,29.41,0,0.157,2,0.0,2.24,0.797,1
45,63455.18,16864.51,18.09,3,0.376,1,8012.26,7.51,0.266,1
59,83802.73,16390.13,21.44,1,0.406,1,17442.37,1.44,0.196,1
40,81901.71,22945.31,0.72,1,0.144,1,29903.16,9.29,0.28,1
25,77953.6,24687.65,15.79,4,0.393,3,14691.47,7.0,0.317,0
21,58367.36,16390.26,1.61,3,0.413,1,11041.36,2.63,0.281,1
50,83924.21,22841.63,17.29,7,0.563,4,20954.97,14.06,0.272,0
23,80331.56,11407.68,27.66,1,0.664,1,3549.21,0.15,0.142,1
65,50702.06,33777.36,29.07,2,0.346,4,15672.98,17.82,0.666,1
34,74885.16,11213.86,16.45,2,0.48,3,0.0,4.93,0.15,1
50,48208.9,32366.24,14.02,1,0.318,0,14991.09,3.24,0.671,1
24,71880.53,287.19,28.38,2,0.364,1,12441.96,6.0,0.004,1
38,31419.43,13435.11,20.37,3,0.569,1,4348.78,19.28,0.428,1
57,33111.34,14028.26,2.41,2,0.586,2,15980.49,2.67,0.424,1
45,83280.56,21347.9,14.24,0,0.458,2,15902.6,5.75,0.256,1
21,80626.32,28341.8,7.59,2,0.614,2,28105.45,0.21,0.352,1
35,73939.45,3007.26,14.36,2,0.373,3,0.0,17.0,0.041,1
29,61935.31,4704.2,13.94,0,0.185,1,13087.41,11.0,0.076,1
35,15000.0,1177.1,17.67,1,0.356,1,4876.85,17.0,0.078,1
44,58352.73,33842.21,11.02,3,0.346,2,24437.14,16.28,0.58,1
24,69992.03,21571.26,5.35,0,0.454,0,23046.94,3.61,0.308,1
32,48235.87,4987.55,15.36,1,0.266,1,20094.56,14.0,0.103,1
57,44325.13,12682.86,24.99,1,0.428,2,5554.0,3.29,0.286,1
57,91777.25,32181.14,20.09,2,0.348,2,24625.65,10.03,0.351,1
63,58673.64,14662.57,10.48,0,0.509,4,0.0,14.22,0.25,1
26,70005.49,13953.74,28.1,0,0.367,2,0.0,8.0,0.199,1
59,77030.89,8624.44,27.41,0,0.029,0,0.0,2.98,0.112,1
44,37968.38,5700.09,6.68,3,0.343,4,13598.3,0.86,0.15,0
31,64250.56,32199.89,1.66,3,0.288,2,22101.97,13.0,0.501,1
33,89032.18,38086.82,22.37,0,0.815,1,0.0,15.0,0.428,1
54,100022.91,6177.67,24.91,2,0.606,2,29872.91,2.05,0.062,1
45,60878.6,34859.31,29.05,3,0.34,0,15573.35,3.19,0.573,1
27,54765.24,12151.33,26.75,5,0.518,0,0.0,9.0,0.222,1
24,65918.53,24403.78,18.22,3,0.206,3,15211.36,6.0,0.37,1
